Open,High,Low,Close,Adj Close,Volume,Date,ser_no
52215.05078125,52383.69921875,52170.6015625,52275.69921875,52275.69921875,0,2024-07-18 09:15:00,0
52274.8515625,52422.3984375,52258.0,52402.69921875,52402.69921875,0,2024-07-18 09:30:00,1
52408.69921875,52609.30078125,52403.94921875,52530.69921875,52530.69921875,0,2024-07-18 09:45:00,2
52529.1484375,52666.8515625,52528.75,52608.0,52608.0,0,2024-07-18 10:00:00,3
52602.3984375,52631.05078125,52543.44921875,52560.1484375,52560.1484375,0,2024-07-18 10:15:00,4
52557.0,52580.80078125,52467.0,52513.8515625,52513.8515625,0,2024-07-18 10:30:00,5
52519.6015625,52539.6015625,52367.55078125,52367.55078125,52367.55078125,0,2024-07-18 10:45:00,6
52361.30078125,52437.1484375,52267.6484375,52272.94921875,52272.94921875,0,2024-07-18 11:00:00,7
52273.6015625,52316.05078125,52226.6015625,52291.69921875,52291.69921875,0,2024-07-18 11:15:00,8
52289.30078125,52314.80078125,52185.69921875,52239.75,52239.75,0,2024-07-18 11:30:00,9
52238.05078125,52281.3515625,52204.3515625,52281.3515625,52281.3515625,0,2024-07-18 11:45:00,10
52279.8984375,52436.3515625,52263.30078125,52427.8515625,52427.8515625,0,2024-07-18 12:00:00,11
52424.05078125,52489.1484375,52362.1484375,52362.8515625,52362.8515625,0,2024-07-18 12:15:00,12
52362.25,52442.5,52359.8984375,52433.1015625,52433.1015625,0,2024-07-18 12:30:00,13
52436.05078125,52440.44921875,52381.69921875,52387.1015625,52387.1015625,0,2024-07-18 12:45:00,14
52386.25,52583.3984375,52352.69921875,52557.80078125,52557.80078125,0,2024-07-18 13:00:00,15
52562.25,52599.1015625,52505.94921875,52590.8984375,52590.8984375,0,2024-07-18 13:15:00,16
52591.25,52623.30078125,52525.80078125,52546.8515625,52546.8515625,0,2024-07-18 13:30:00,17
52548.6015625,52637.3515625,52534.55078125,52604.3515625,52604.3515625,0,2024-07-18 13:45:00,18
52602.55078125,52752.19921875,52598.55078125,52734.6015625,52734.6015625,0,2024-07-18 14:00:00,19
52730.94921875,52782.55078125,52687.5,52731.6015625,52731.6015625,0,2024-07-18 14:15:00,20
52731.8984375,52755.6015625,52650.19921875,52738.80078125,52738.80078125,0,2024-07-18 14:30:00,21
52736.75,52766.1484375,52635.80078125,52659.94921875,52659.94921875,0,2024-07-18 14:45:00,22
52661.8984375,52691.6484375,52607.05078125,52630.1015625,52630.1015625,0,2024-07-18 15:00:00,23
52631.1015625,52653.05078125,52558.25,52558.25,52558.25,0,2024-07-18 15:15:00,24
52522.6015625,52539.75,52340.1484375,52527.30078125,52527.30078125,0,2024-07-19 09:15:00,25
52523.80078125,52562.8984375,52482.19921875,52551.8515625,52551.8515625,0,2024-07-19 09:30:00,26
52551.8515625,52554.0,52382.8515625,52389.80078125,52389.80078125,0,2024-07-19 09:45:00,27
52390.1015625,52426.3515625,52318.8984375,52362.3984375,52362.3984375,0,2024-07-19 10:00:00,28
52360.6484375,52475.44921875,52344.3984375,52425.55078125,52425.55078125,0,2024-07-19 10:15:00,29
52423.75,52440.6015625,52354.25,52384.8984375,52384.8984375,0,2024-07-19 10:30:00,30
52385.6015625,52399.25,52217.44921875,52229.80078125,52229.80078125,0,2024-07-19 10:45:00,31
52229.3984375,52316.80078125,52152.1015625,52298.1015625,52298.1015625,0,2024-07-19 11:00:00,32
52297.19921875,52356.8515625,52257.94921875,52330.69921875,52330.69921875,0,2024-07-19 11:15:00,33
52330.6015625,52397.75,52282.1015625,52306.75,52306.75,0,2024-07-19 11:30:00,34
52307.6484375,52352.80078125,52277.69921875,52325.1015625,52325.1015625,0,2024-07-19 11:45:00,35
52325.30078125,52381.0,52312.30078125,52344.1015625,52344.1015625,0,2024-07-19 12:00:00,36
52342.8984375,52376.1015625,52265.8984375,52310.8984375,52310.8984375,0,2024-07-19 12:15:00,37
52309.0,52318.80078125,52200.19921875,52261.69921875,52261.69921875,0,2024-07-19 12:30:00,38
52261.5,52278.1484375,52206.05078125,52211.94921875,52211.94921875,0,2024-07-19 12:45:00,39
52213.55078125,52271.3984375,52182.30078125,52255.3984375,52255.3984375,0,2024-07-19 13:00:00,40
52250.0,52338.1484375,52217.25,52308.30078125,52308.30078125,0,2024-07-19 13:15:00,41
52306.05078125,52361.69921875,52287.94921875,52303.25,52303.25,0,2024-07-19 13:30:00,42
52303.6484375,52384.3984375,52298.80078125,52333.3984375,52333.3984375,0,2024-07-19 13:45:00,43
52328.94921875,52368.0,52246.75,52263.8984375,52263.8984375,0,2024-07-19 14:00:00,44
52264.80078125,52316.05078125,52234.75,52307.8984375,52307.8984375,0,2024-07-19 14:15:00,45
52305.94921875,52324.69921875,52248.6015625,52290.6484375,52290.6484375,0,2024-07-19 14:30:00,46
52290.3515625,52341.1484375,52251.5,52312.6015625,52312.6015625,0,2024-07-19 14:45:00,47
52310.3984375,52339.55078125,52251.80078125,52277.05078125,52277.05078125,0,2024-07-19 15:00:00,48
52281.6015625,52287.44921875,52195.3515625,52221.6015625,52221.6015625,0,2024-07-19 15:15:00,49
52145.6015625,52220.5,51881.75,52047.55078125,52047.55078125,0,2024-07-22 09:15:00,50
52051.5,52331.8515625,52028.8515625,52274.94921875,52274.94921875,0,2024-07-22 09:30:00,51
52269.6484375,52342.8515625,52248.6484375,52342.8515625,52342.8515625,0,2024-07-22 09:45:00,52
52344.05078125,52368.3515625,52275.69921875,52365.44921875,52365.44921875,0,2024-07-22 10:00:00,53
52364.6015625,52422.05078125,52316.69921875,52394.1015625,52394.1015625,0,2024-07-22 10:15:00,54
52394.19921875,52424.80078125,52348.75,52391.80078125,52391.80078125,0,2024-07-22 10:30:00,55
52392.75,52417.80078125,52334.94921875,52338.44921875,52338.44921875,0,2024-07-22 10:45:00,56
52338.75,52356.8984375,52267.55078125,52313.8984375,52313.8984375,0,2024-07-22 11:00:00,57
52314.19921875,52331.05078125,52272.1484375,52305.1015625,52305.1015625,0,2024-07-22 11:15:00,58
52305.75,52329.44921875,52254.1015625,52292.1015625,52292.1015625,0,2024-07-22 11:30:00,59
52291.80078125,52307.3515625,52266.8515625,52266.8515625,52266.8515625,0,2024-07-22 11:45:00,60
52269.8515625,52275.3984375,52230.0,52263.55078125,52263.55078125,0,2024-07-22 12:00:00,61
52264.44921875,52272.1484375,52189.94921875,52208.0,52208.0,0,2024-07-22 12:15:00,62
52207.0,52261.69921875,52165.80078125,52237.0,52237.0,0,2024-07-22 12:30:00,63
52234.30078125,52268.6484375,52204.80078125,52227.25,52227.25,0,2024-07-22 12:45:00,64
52228.25,52266.1484375,52194.3984375,52241.8984375,52241.8984375,0,2024-07-22 13:00:00,65
52242.3984375,52314.05078125,52237.5,52291.75,52291.75,0,2024-07-22 13:15:00,66
52291.30078125,52324.8515625,52263.05078125,52290.05078125,52290.05078125,0,2024-07-22 13:30:00,67
52291.6015625,52320.69921875,52263.8515625,52267.30078125,52267.30078125,0,2024-07-22 13:45:00,68
52267.8984375,52287.6015625,52231.44921875,52243.75,52243.75,0,2024-07-22 14:00:00,69
52244.8515625,52280.30078125,52217.6484375,52268.8515625,52268.8515625,0,2024-07-22 14:15:00,70
52272.55078125,52321.1484375,52248.0,52293.6484375,52293.6484375,0,2024-07-22 14:30:00,71
52292.80078125,52295.30078125,52226.3515625,52270.6015625,52270.6015625,0,2024-07-22 14:45:00,72
52265.0,52332.55078125,52231.19921875,52309.80078125,52309.80078125,0,2024-07-22 15:00:00,73
52312.75,52332.55078125,52262.75,52328.6015625,52328.6015625,0,2024-07-22 15:15:00,74
52441.80078125,52457.44921875,52284.6015625,52345.19921875,52345.19921875,0,2024-07-23 09:15:00,75
52347.30078125,52362.3984375,52089.75,52218.5,52218.5,0,2024-07-23 09:30:00,76
52220.3984375,52286.44921875,52159.0,52232.75,52232.75,0,2024-07-23 09:45:00,77
52234.30078125,52242.6484375,52156.30078125,52219.94921875,52219.94921875,0,2024-07-23 10:00:00,78
52215.1015625,52257.6484375,52124.44921875,52172.75,52172.75,0,2024-07-23 10:15:00,79
52176.55078125,52335.19921875,52154.30078125,52209.1484375,52209.1484375,0,2024-07-23 10:30:00,80
52208.75,52308.44921875,52190.3515625,52271.1015625,52271.1015625,0,2024-07-23 10:45:00,81
52272.1015625,52427.44921875,52272.1015625,52351.1015625,52351.1015625,0,2024-07-23 11:00:00,82
52350.5,52370.5,51808.6015625,52206.6015625,52206.6015625,0,2024-07-23 11:15:00,83
52206.3515625,52244.3984375,52061.25,52130.55078125,52130.55078125,0,2024-07-23 11:30:00,84
52129.55078125,52217.8984375,52018.6015625,52122.44921875,52122.44921875,0,2024-07-23 11:45:00,85
52111.44921875,52249.1015625,52078.6484375,52163.3984375,52163.3984375,0,2024-07-23 12:00:00,86
52167.80078125,52197.25,51602.94921875,51638.69921875,51638.69921875,0,2024-07-23 12:15:00,87
51632.1484375,52061.8515625,51555.30078125,51907.6484375,51907.6484375,0,2024-07-23 12:30:00,88
51909.75,51913.1015625,51641.69921875,51664.30078125,51664.30078125,0,2024-07-23 12:45:00,89
51675.0,51707.3984375,51348.3984375,51359.75,51359.75,0,2024-07-23 13:00:00,90
51363.44921875,51703.1015625,51363.44921875,51637.1015625,51637.1015625,0,2024-07-23 13:15:00,91
51638.25,51696.8515625,51528.5,51631.55078125,51631.55078125,0,2024-07-23 13:30:00,92
51639.75,51778.3984375,51559.25,51749.8515625,51749.8515625,0,2024-07-23 13:45:00,93
51749.69921875,51917.80078125,51715.1015625,51849.1484375,51849.1484375,0,2024-07-23 14:00:00,94
51850.3515625,51868.6015625,51670.5,51712.69921875,51712.69921875,0,2024-07-23 14:15:00,95
51710.05078125,52086.3515625,51692.30078125,52048.25,52048.25,0,2024-07-23 14:30:00,96
52046.6484375,52054.69921875,51796.8515625,51814.55078125,51814.55078125,0,2024-07-23 14:45:00,97
51804.8984375,51887.55078125,51749.55078125,51752.30078125,51752.30078125,0,2024-07-23 15:00:00,98
51747.80078125,51778.5,51661.0,51757.1484375,51757.1484375,0,2024-07-23 15:15:00,99
51657.25,51830.80078125,51539.80078125,51702.8515625,51702.8515625,0,2024-07-24 09:15:00,100
51698.8515625,51933.5,51477.6015625,51619.75,51619.75,0,2024-07-24 09:30:00,101
51612.1484375,51935.3984375,51551.69921875,51848.6015625,51848.6015625,0,2024-07-24 09:45:00,102
51842.6015625,51862.6015625,51638.55078125,51703.55078125,51703.55078125,0,2024-07-24 10:00:00,103
51703.3515625,51831.3984375,51363.25,51392.75,51392.75,0,2024-07-24 10:15:00,104
51388.75,51585.44921875,51388.75,51458.1484375,51458.1484375,0,2024-07-24 10:30:00,105
51461.30078125,51530.3984375,51280.75,51376.19921875,51376.19921875,0,2024-07-24 10:45:00,106
51374.19921875,51398.3515625,51156.55078125,51190.6015625,51190.6015625,0,2024-07-24 11:00:00,107
51190.1484375,51236.94921875,51044.1484375,51060.8984375,51060.8984375,0,2024-07-24 11:15:00,108
51057.3984375,51131.8984375,51011.6015625,51048.6484375,51048.6484375,0,2024-07-24 11:30:00,109
51045.1015625,51171.0,51040.75,51098.8984375,51098.8984375,0,2024-07-24 11:45:00,110
51100.6484375,51147.5,51035.80078125,51071.1484375,51071.1484375,0,2024-07-24 12:00:00,111
51071.8515625,51082.05078125,50788.30078125,50871.1015625,50871.1015625,0,2024-07-24 12:15:00,112
50871.3515625,50933.3984375,50826.05078125,50876.8515625,50876.8515625,0,2024-07-24 12:30:00,113
50871.3984375,50967.0,50865.6484375,50921.80078125,50921.80078125,0,2024-07-24 12:45:00,114
50924.75,51120.55078125,50890.94921875,51102.6484375,51102.6484375,0,2024-07-24 13:00:00,115
51103.0,51200.1015625,51012.55078125,51124.3515625,51124.3515625,0,2024-07-24 13:15:00,116
51125.0,51515.55078125,51104.3984375,51494.5,51494.5,0,2024-07-24 13:30:00,117
51490.25,51491.44921875,51189.05078125,51193.3984375,51193.3984375,0,2024-07-24 13:45:00,118
51193.05078125,51209.1484375,51006.94921875,51034.94921875,51034.94921875,0,2024-07-24 14:00:00,119
51039.3515625,51192.3515625,50994.1015625,51175.05078125,51175.05078125,0,2024-07-24 14:15:00,120
51173.3984375,51334.80078125,51124.55078125,51183.55078125,51183.55078125,0,2024-07-24 14:30:00,121
51180.44921875,51324.80078125,51175.8515625,51291.1484375,51291.1484375,0,2024-07-24 14:45:00,122
51293.30078125,51328.19921875,51208.3984375,51314.44921875,51314.44921875,0,2024-07-24 15:00:00,123
51314.69921875,51462.1484375,51260.1484375,51429.75,51429.75,0,2024-07-24 15:15:00,124
50829.8515625,50989.44921875,50705.25,50793.6015625,50793.6015625,0,2024-07-25 09:15:00,125
50790.0,50882.6484375,50750.3984375,50800.1484375,50800.1484375,0,2024-07-25 09:30:00,126
50795.55078125,50799.25,50622.75,50628.80078125,50628.80078125,0,2024-07-25 09:45:00,127
50631.30078125,50685.3984375,50586.30078125,50636.05078125,50636.05078125,0,2024-07-25 10:00:00,128
50638.05078125,50707.75,50560.3515625,50585.19921875,50585.19921875,0,2024-07-25 10:15:00,129
50588.19921875,50700.0,50573.8515625,50692.75,50692.75,0,2024-07-25 10:30:00,130
50687.3515625,50731.69921875,50651.25,50717.69921875,50717.69921875,0,2024-07-25 10:45:00,131
50722.6484375,50768.25,50711.6484375,50737.25,50737.25,0,2024-07-25 11:00:00,132
50736.3515625,50812.6484375,50696.55078125,50781.80078125,50781.80078125,0,2024-07-25 11:15:00,133
50780.05078125,50879.1484375,50771.0,50840.8984375,50840.8984375,0,2024-07-25 11:30:00,134
50839.75,50865.3515625,50811.0,50844.8515625,50844.8515625,0,2024-07-25 11:45:00,135
50839.8515625,50869.05078125,50783.94921875,50839.6484375,50839.6484375,0,2024-07-25 12:00:00,136
50837.25,50849.8515625,50810.80078125,50823.6484375,50823.6484375,0,2024-07-25 12:15:00,137
50818.94921875,50857.1484375,50778.8984375,50793.1015625,50793.1015625,0,2024-07-25 12:30:00,138
50793.6484375,50861.05078125,50791.6484375,50859.25,50859.25,0,2024-07-25 12:45:00,139
50859.94921875,50879.55078125,50823.6484375,50833.25,50833.25,0,2024-07-25 13:00:00,140
50831.3515625,50864.6015625,50811.69921875,50844.8984375,50844.8984375,0,2024-07-25 13:15:00,141
50843.30078125,50851.8515625,50776.1015625,50790.1484375,50790.1484375,0,2024-07-25 13:30:00,142
50792.1484375,50861.25,50785.05078125,50856.6015625,50856.6015625,0,2024-07-25 13:45:00,143
50860.0,50921.69921875,50848.3515625,50890.3984375,50890.3984375,0,2024-07-25 14:00:00,144
50894.3984375,50936.25,50872.25,50900.69921875,50900.69921875,0,2024-07-25 14:15:00,145
50901.3984375,50924.0,50847.44921875,50855.8984375,50855.8984375,0,2024-07-25 14:30:00,146
50855.80078125,50894.69921875,50841.44921875,50852.3984375,50852.3984375,0,2024-07-25 14:45:00,147
50857.30078125,50928.3515625,50857.30078125,50897.8984375,50897.8984375,0,2024-07-25 15:00:00,148
50898.55078125,50898.55078125,50853.80078125,50886.55078125,50886.55078125,0,2024-07-25 15:15:00,149
50491.8515625,50875.1484375,50491.8515625,50718.6484375,50718.6484375,0,2024-07-26 09:15:00,150
50724.8984375,50842.6484375,50680.30078125,50770.94921875,50770.94921875,0,2024-07-26 09:30:00,151
50772.1484375,50786.3515625,50616.94921875,50762.6484375,50762.6484375,0,2024-07-26 09:45:00,152
50759.5,50818.1484375,50693.80078125,50722.1484375,50722.1484375,0,2024-07-26 10:00:00,153
50722.3984375,50785.6484375,50721.19921875,50750.0,50750.0,0,2024-07-26 10:15:00,154
50747.8515625,50782.8984375,50737.44921875,50740.3515625,50740.3515625,0,2024-07-26 10:30:00,155
50745.8984375,50756.5,50706.3984375,50737.44921875,50737.44921875,0,2024-07-26 10:45:00,156
50737.55078125,50946.44921875,50728.3984375,50895.30078125,50895.30078125,0,2024-07-26 11:00:00,157
50891.44921875,50923.0,50885.44921875,50896.55078125,50896.55078125,0,2024-07-26 11:15:00,158
50899.5,50924.3984375,50851.5,50917.8984375,50917.8984375,0,2024-07-26 11:30:00,159
50916.55078125,50977.1015625,50900.19921875,50960.1484375,50960.1484375,0,2024-07-26 11:45:00,160
50960.44921875,50987.1484375,50873.55078125,50878.8515625,50878.8515625,0,2024-07-26 12:00:00,161
50878.1484375,50923.1015625,50863.0,50912.8515625,50912.8515625,0,2024-07-26 12:15:00,162
50916.05078125,51063.44921875,50910.69921875,51061.55078125,51061.55078125,0,2024-07-26 12:30:00,163
51061.30078125,51080.25,51023.1484375,51062.75,51062.75,0,2024-07-26 12:45:00,164
51062.1484375,51200.19921875,51048.8515625,51200.0,51200.0,0,2024-07-26 13:00:00,165
51205.1484375,51224.25,51160.30078125,51186.8984375,51186.8984375,0,2024-07-26 13:15:00,166
51188.19921875,51273.19921875,51160.55078125,51232.25,51232.25,0,2024-07-26 13:30:00,167
51228.80078125,51321.6015625,51178.94921875,51238.8515625,51238.8515625,0,2024-07-26 13:45:00,168
51229.1015625,51259.80078125,51179.0,51222.75,51222.75,0,2024-07-26 14:00:00,169
51223.80078125,51248.8984375,51136.94921875,51195.19921875,51195.19921875,0,2024-07-26 14:15:00,170
51197.80078125,51256.6015625,51185.8984375,51249.44921875,51249.44921875,0,2024-07-26 14:30:00,171
51248.1015625,51338.19921875,51233.30078125,51328.8984375,51328.8984375,0,2024-07-26 14:45:00,172
51325.30078125,51344.05078125,51230.1484375,51321.25,51321.25,0,2024-07-26 15:00:00,173
51319.5,51385.5,51264.8984375,51352.75,51352.75,0,2024-07-26 15:15:00,174
51596.0,51847.44921875,51480.1484375,51759.25,51759.25,0,2024-07-29 09:15:00,175
51763.44921875,51936.6015625,51741.94921875,51930.30078125,51930.30078125,0,2024-07-29 09:30:00,176
51931.30078125,51949.75,51751.1484375,51814.44921875,51814.44921875,0,2024-07-29 09:45:00,177
51814.69921875,51880.8984375,51754.05078125,51798.94921875,51798.94921875,0,2024-07-29 10:00:00,178
51798.5,51896.75,51778.75,51879.94921875,51879.94921875,0,2024-07-29 10:15:00,179
51876.8515625,51898.6015625,51834.30078125,51867.3984375,51867.3984375,0,2024-07-29 10:30:00,180
51865.6484375,52113.1015625,51865.30078125,52097.55078125,52097.55078125,0,2024-07-29 10:45:00,181
52099.8984375,52180.6484375,52099.8984375,52130.3515625,52130.3515625,0,2024-07-29 11:00:00,182
52130.44921875,52195.05078125,52102.1484375,52137.8984375,52137.8984375,0,2024-07-29 11:15:00,183
52137.1015625,52242.8515625,52104.3984375,52229.6015625,52229.6015625,0,2024-07-29 11:30:00,184
52232.8984375,52338.6015625,52228.75,52256.25,52256.25,0,2024-07-29 11:45:00,185
52256.75,52308.3984375,51737.0,51833.80078125,51833.80078125,0,2024-07-29 12:00:00,186
51829.1484375,51866.8984375,51197.8984375,51586.25,51586.25,0,2024-07-29 12:15:00,187
51586.94921875,51742.1015625,51496.6484375,51687.1484375,51687.1484375,0,2024-07-29 12:30:00,188
51688.25,51762.6484375,51587.30078125,51736.8515625,51736.8515625,0,2024-07-29 12:45:00,189
51737.6015625,51778.44921875,51512.30078125,51516.8515625,51516.8515625,0,2024-07-29 13:00:00,190
51521.8984375,51682.94921875,51512.30078125,51643.55078125,51643.55078125,0,2024-07-29 13:15:00,191
51647.5,51717.6484375,51619.6484375,51677.44921875,51677.44921875,0,2024-07-29 13:30:00,192
51673.75,51687.05078125,51468.69921875,51479.19921875,51479.19921875,0,2024-07-29 13:45:00,193
51480.30078125,51496.19921875,51343.75,51352.0,51352.0,0,2024-07-29 14:00:00,194
51345.3515625,51453.05078125,51264.6484375,51453.05078125,51453.05078125,0,2024-07-29 14:15:00,195
51452.5,51548.6484375,51426.6015625,51481.80078125,51481.80078125,0,2024-07-29 14:30:00,196
51484.55078125,51590.3515625,51458.55078125,51553.05078125,51553.05078125,0,2024-07-29 14:45:00,197
51553.80078125,51617.8515625,51283.3515625,51311.8515625,51311.8515625,0,2024-07-29 15:00:00,198
51311.3515625,51395.05078125,51293.44921875,51389.6015625,51389.6015625,0,2024-07-29 15:15:00,199
51419.3515625,51498.8984375,51267.1015625,51370.19921875,51370.19921875,0,2024-07-30 09:15:00,200
51372.30078125,51598.69921875,51370.3984375,51588.25,51588.25,0,2024-07-30 09:30:00,201
51584.05078125,51601.55078125,51345.55078125,51438.30078125,51438.30078125,0,2024-07-30 09:45:00,202
51440.3984375,51486.75,51305.1484375,51470.1015625,51470.1015625,0,2024-07-30 10:00:00,203
51472.05078125,51614.75,51448.1484375,51590.8515625,51590.8515625,0,2024-07-30 10:15:00,204
51591.6015625,51690.6015625,51516.55078125,51667.6015625,51667.6015625,0,2024-07-30 10:30:00,205
51676.8984375,51702.44921875,51576.6484375,51698.44921875,51698.44921875,0,2024-07-30 10:45:00,206
51700.05078125,51700.05078125,51610.6015625,51645.1015625,51645.1015625,0,2024-07-30 11:00:00,207
51645.19921875,51710.05078125,51642.25,51682.3984375,51682.3984375,0,2024-07-30 11:15:00,208
51682.3515625,51783.69921875,51677.80078125,51758.1015625,51758.1015625,0,2024-07-30 11:30:00,209
51761.05078125,51762.6484375,51666.8515625,51704.05078125,51704.05078125,0,2024-07-30 11:45:00,210
51704.1015625,51718.75,51649.75,51689.1484375,51689.1484375,0,2024-07-30 12:00:00,211
51690.6015625,51736.0,51671.75,51708.19921875,51708.19921875,0,2024-07-30 12:15:00,212
51706.94921875,51738.1484375,51689.94921875,51706.5,51706.5,0,2024-07-30 12:30:00,213
51698.30078125,51736.1015625,51676.1484375,51712.80078125,51712.80078125,0,2024-07-30 12:45:00,214
51714.69921875,51952.75,51698.94921875,51802.6015625,51802.6015625,0,2024-07-30 13:00:00,215
51797.30078125,51838.44921875,51627.75,51678.25,51678.25,0,2024-07-30 13:15:00,216
51678.94921875,51817.0,51642.05078125,51814.05078125,51814.05078125,0,2024-07-30 13:30:00,217
51809.25,51866.5,51782.94921875,51840.44921875,51840.44921875,0,2024-07-30 13:45:00,218
51844.80078125,51862.8515625,51768.1015625,51795.5,51795.5,0,2024-07-30 14:00:00,219
51795.8515625,51892.8515625,51795.8515625,51840.30078125,51840.30078125,0,2024-07-30 14:15:00,220
51842.3515625,51922.55078125,51809.3515625,51875.55078125,51875.55078125,0,2024-07-30 14:30:00,221
51871.30078125,51876.94921875,51686.25,51714.5,51714.5,0,2024-07-30 14:45:00,222
51715.80078125,51719.44921875,51413.19921875,51462.3515625,51462.3515625,0,2024-07-30 15:00:00,223
51460.8984375,51510.8515625,51390.6015625,51426.1484375,51426.1484375,0,2024-07-30 15:15:00,224
51561.75,51576.75,51446.80078125,51549.30078125,51549.30078125,0,2024-07-31 09:15:00,225
51549.6015625,51552.6484375,51396.5,51479.1015625,51479.1015625,0,2024-07-31 09:30:00,226
51472.44921875,51526.30078125,51439.05078125,51518.55078125,51518.55078125,0,2024-07-31 09:45:00,227
51515.05078125,51617.6484375,51488.44921875,51606.8515625,51606.8515625,0,2024-07-31 10:00:00,228
51603.3515625,51658.8984375,51530.19921875,51588.1015625,51588.1015625,0,2024-07-31 10:15:00,229
51587.1484375,51610.25,51562.0,51592.1015625,51592.1015625,0,2024-07-31 10:30:00,230
51591.80078125,51612.69921875,51537.80078125,51552.44921875,51552.44921875,0,2024-07-31 10:45:00,231
51552.6015625,51589.8515625,51523.19921875,51557.1484375,51557.1484375,0,2024-07-31 11:00:00,232
51555.44921875,51571.8515625,51404.8984375,51405.44921875,51405.44921875,0,2024-07-31 11:15:00,233
51411.44921875,51512.55078125,51400.1015625,51493.19921875,51493.19921875,0,2024-07-31 11:30:00,234
51488.30078125,51511.94921875,51462.5,51469.5,51469.5,0,2024-07-31 11:45:00,235
51467.8984375,51511.25,51448.05078125,51479.44921875,51479.44921875,0,2024-07-31 12:00:00,236
51475.8984375,51498.3515625,51449.30078125,51493.55078125,51493.55078125,0,2024-07-31 12:15:00,237
51488.5,51497.5,51444.8984375,51475.3515625,51475.3515625,0,2024-07-31 12:30:00,238
51469.5,51579.80078125,51463.55078125,51498.3984375,51498.3984375,0,2024-07-31 12:45:00,239
51494.44921875,51515.8515625,51460.30078125,51498.05078125,51498.05078125,0,2024-07-31 13:00:00,240
51491.05078125,51535.3515625,51484.5,51511.0,51511.0,0,2024-07-31 13:15:00,241
51509.05078125,51541.25,51354.6015625,51434.75,51434.75,0,2024-07-31 13:30:00,242
51426.6484375,51470.3515625,51404.6015625,51445.5,51445.5,0,2024-07-31 13:45:00,243
51443.6484375,51448.1015625,51337.8984375,51385.69921875,51385.69921875,0,2024-07-31 14:00:00,244
51385.6484375,51458.0,51363.3984375,51445.8984375,51445.8984375,0,2024-07-31 14:15:00,245
51442.25,51504.55078125,51419.6484375,51459.1015625,51459.1015625,0,2024-07-31 14:30:00,246
51460.44921875,51520.1484375,51436.44921875,51480.6484375,51480.6484375,0,2024-07-31 14:45:00,247
51476.19921875,51583.44921875,51469.05078125,51547.44921875,51547.44921875,0,2024-07-31 15:00:00,248
51549.0,51661.8515625,51542.6484375,51621.94921875,51621.94921875,0,2024-07-31 15:15:00,249
51672.6015625,51874.44921875,51672.6015625,51860.6015625,51860.6015625,0,2024-08-01 09:15:00,250
51855.75,51867.8984375,51757.0,51787.75,51787.75,0,2024-08-01 09:30:00,251
51782.19921875,51814.75,51702.1015625,51741.75,51741.75,0,2024-08-01 09:45:00,252
51743.5,51754.3515625,51646.05078125,51692.55078125,51692.55078125,0,2024-08-01 10:00:00,253
51688.80078125,51766.6015625,51688.80078125,51711.75,51711.75,0,2024-08-01 10:15:00,254
51712.05078125,51756.1015625,51707.55078125,51728.75,51728.75,0,2024-08-01 10:30:00,255
51728.25,51754.55078125,51667.6015625,51698.1484375,51698.1484375,0,2024-08-01 10:45:00,256
51697.05078125,51779.25,51688.94921875,51750.30078125,51750.30078125,0,2024-08-01 11:00:00,257
51749.6015625,51765.3984375,51729.25,51755.44921875,51755.44921875,0,2024-08-01 11:15:00,258
51751.69921875,51764.5,51695.0,51704.3515625,51704.3515625,0,2024-08-01 11:30:00,259
51705.05078125,51727.8515625,51685.69921875,51707.6015625,51707.6015625,0,2024-08-01 11:45:00,260
51708.44921875,51755.3984375,51689.19921875,51711.0,51711.0,0,2024-08-01 12:00:00,261
51706.6484375,51723.30078125,51587.1484375,51617.1484375,51617.1484375,0,2024-08-01 12:15:00,262
51613.1484375,51647.3984375,51581.25,51628.6484375,51628.6484375,0,2024-08-01 12:30:00,263
51630.25,51653.19921875,51614.55078125,51645.69921875,51645.69921875,0,2024-08-01 12:45:00,264
51645.75,51706.75,51640.55078125,51693.55078125,51693.55078125,0,2024-08-01 13:00:00,265
51694.1484375,51721.30078125,51661.44921875,51661.8515625,51661.8515625,0,2024-08-01 13:15:00,266
51660.8984375,51696.1015625,51652.5,51656.44921875,51656.44921875,0,2024-08-01 13:30:00,267
51656.19921875,51696.30078125,51647.6015625,51655.44921875,51655.44921875,0,2024-08-01 13:45:00,268
51653.94921875,51665.5,51565.8984375,51569.1015625,51569.1015625,0,2024-08-01 14:00:00,269
51568.55078125,51588.25,51460.30078125,51494.1484375,51494.1484375,0,2024-08-01 14:15:00,270
51494.19921875,51595.80078125,51467.3515625,51574.30078125,51574.30078125,0,2024-08-01 14:30:00,271
51573.3515625,51591.75,51502.05078125,51518.94921875,51518.94921875,0,2024-08-01 14:45:00,272
51519.8984375,51573.69921875,51456.5,51571.6484375,51571.6484375,0,2024-08-01 15:00:00,273
51571.30078125,51639.1484375,51570.1484375,51606.44921875,51606.44921875,0,2024-08-01 15:15:00,274
51199.8984375,51347.05078125,51091.94921875,51317.80078125,51317.80078125,0,2024-08-02 09:15:00,275
51319.75,51376.19921875,51249.94921875,51255.80078125,51255.80078125,0,2024-08-02 09:30:00,276
51258.0,51299.3984375,51189.80078125,51218.44921875,51218.44921875,0,2024-08-02 09:45:00,277
51219.19921875,51265.80078125,51202.3515625,51247.6484375,51247.6484375,0,2024-08-02 10:00:00,278
51246.6484375,51301.25,51241.3515625,51280.1015625,51280.1015625,0,2024-08-02 10:15:00,279
51277.05078125,51462.75,51276.80078125,51407.6484375,51407.6484375,0,2024-08-02 10:30:00,280
51405.1015625,51533.3515625,51403.30078125,51462.6015625,51462.6015625,0,2024-08-02 10:45:00,281
51463.5,51481.3515625,51415.5,51481.05078125,51481.05078125,0,2024-08-02 11:00:00,282
51480.8984375,51506.75,51450.5,51487.19921875,51487.19921875,0,2024-08-02 11:15:00,283
51487.5,51537.1484375,51425.3515625,51522.80078125,51522.80078125,0,2024-08-02 11:30:00,284
51522.25,51566.69921875,51479.75,51502.30078125,51502.30078125,0,2024-08-02 11:45:00,285
51503.8984375,51507.30078125,51454.5,51469.8984375,51469.8984375,0,2024-08-02 12:00:00,286
51468.69921875,51495.5,51379.6015625,51411.0,51411.0,0,2024-08-02 12:15:00,287
51412.8515625,51433.05078125,51384.55078125,51391.19921875,51391.19921875,0,2024-08-02 12:30:00,288
51394.8984375,51455.55078125,51364.1484375,51433.1015625,51433.1015625,0,2024-08-02 12:45:00,289
51433.3515625,51465.1015625,51424.6484375,51452.69921875,51452.69921875,0,2024-08-02 13:00:00,290
51445.25,51514.44921875,51432.8515625,51507.1015625,51507.1015625,0,2024-08-02 13:15:00,291
51506.94921875,51608.5,51499.55078125,51558.3515625,51558.3515625,0,2024-08-02 13:30:00,292
51557.44921875,51566.25,51520.6015625,51542.1015625,51542.1015625,0,2024-08-02 13:45:00,293
51543.44921875,51586.05078125,51482.6484375,51500.94921875,51500.94921875,0,2024-08-02 14:00:00,294
51496.8984375,51542.0,51438.55078125,51516.6484375,51516.6484375,0,2024-08-02 14:15:00,295
51515.19921875,51526.05078125,51440.8515625,51448.55078125,51448.55078125,0,2024-08-02 14:30:00,296
51448.8515625,51478.0,51367.25,51416.19921875,51416.19921875,0,2024-08-02 14:45:00,297
51417.05078125,51422.3515625,51308.94921875,51341.69921875,51341.69921875,0,2024-08-02 15:00:00,298
51342.1015625,51401.05078125,51325.3515625,51339.0,51339.0,0,2024-08-02 15:15:00,299
50573.19921875,50739.5,50366.80078125,50414.6484375,50414.6484375,0,2024-08-05 09:15:00,300
50408.8515625,50514.30078125,50352.05078125,50429.1484375,50429.1484375,0,2024-08-05 09:30:00,301
50431.3515625,50507.44921875,50378.1484375,50487.05078125,50487.05078125,0,2024-08-05 09:45:00,302
50485.6484375,50498.8984375,50352.55078125,50389.1015625,50389.1015625,0,2024-08-05 10:00:00,303
50381.8984375,50441.6484375,50307.1015625,50341.19921875,50341.19921875,0,2024-08-05 10:15:00,304
50338.1015625,50370.19921875,50217.0,50245.69921875,50245.69921875,0,2024-08-05 10:30:00,305
50247.94921875,50247.94921875,50021.69921875,50039.19921875,50039.19921875,0,2024-08-05 10:45:00,306
50035.30078125,50053.30078125,49904.44921875,49920.5,49920.5,0,2024-08-05 11:00:00,307
49922.6015625,49990.6484375,49719.25,49930.8515625,49930.8515625,0,2024-08-05 11:15:00,308
49932.5,50006.3984375,49878.1484375,49935.3515625,49935.3515625,0,2024-08-05 11:30:00,309
49934.94921875,49982.80078125,49891.55078125,49898.3984375,49898.3984375,0,2024-08-05 11:45:00,310
49894.75,50002.6015625,49881.19921875,49992.94921875,49992.94921875,0,2024-08-05 12:00:00,311
49992.8984375,50047.55078125,49901.25,49929.8515625,49929.8515625,0,2024-08-05 12:15:00,312
49928.75,49934.1015625,49850.69921875,49856.3984375,49856.3984375,0,2024-08-05 12:30:00,313
49855.3984375,49918.05078125,49827.25,49834.3984375,49834.3984375,0,2024-08-05 12:45:00,314
49835.5,50020.3984375,49808.1015625,50012.3984375,50012.3984375,0,2024-08-05 13:00:00,315
50015.6484375,50163.94921875,49942.19921875,50031.8984375,50031.8984375,0,2024-08-05 13:15:00,316
50031.6015625,50106.0,50004.69921875,50049.19921875,50049.19921875,0,2024-08-05 13:30:00,317
50047.3984375,50164.6015625,50029.75,50121.3515625,50121.3515625,0,2024-08-05 13:45:00,318
50118.94921875,50145.75,50033.5,50055.6484375,50055.6484375,0,2024-08-05 14:00:00,319
50051.0,50144.8984375,49964.80078125,50023.30078125,50023.30078125,0,2024-08-05 14:15:00,320
50022.5,50207.8984375,50003.19921875,50200.69921875,50200.69921875,0,2024-08-05 14:30:00,321
50200.44921875,50221.25,50071.5,50147.6484375,50147.6484375,0,2024-08-05 14:45:00,322
50144.30078125,50190.5,50067.94921875,50081.0,50081.0,0,2024-08-05 15:00:00,323
50081.94921875,50113.1015625,50030.6015625,50056.0,50056.0,0,2024-08-05 15:15:00,324
50484.69921875,50686.0,50426.25,50493.0,50493.0,0,2024-08-06 09:15:00,325
50489.3984375,50529.55078125,50378.8984375,50388.5,50388.5,0,2024-08-06 09:30:00,326
50398.30078125,50484.0,50343.1484375,50422.30078125,50422.30078125,0,2024-08-06 09:45:00,327
50421.69921875,50429.6484375,50238.8515625,50263.75,50263.75,0,2024-08-06 10:00:00,328
50270.6484375,50297.30078125,50139.75,50165.55078125,50165.55078125,0,2024-08-06 10:15:00,329
50160.80078125,50174.6484375,49908.80078125,49965.75,49965.75,0,2024-08-06 10:30:00,330
49964.80078125,50152.44921875,49964.19921875,50152.44921875,50152.44921875,0,2024-08-06 10:45:00,331
50143.19921875,50172.44921875,50087.30078125,50147.55078125,50147.55078125,0,2024-08-06 11:00:00,332
50148.3984375,50255.25,50079.6015625,50118.25,50118.25,0,2024-08-06 11:15:00,333
50119.1015625,50204.75,50110.8984375,50200.30078125,50200.30078125,0,2024-08-06 11:30:00,334
50201.05078125,50201.05078125,50121.05078125,50187.8515625,50187.8515625,0,2024-08-06 11:45:00,335
50187.6484375,50217.69921875,50158.0,50188.1484375,50188.1484375,0,2024-08-06 12:00:00,336
50183.44921875,50199.6015625,50134.3984375,50155.8515625,50155.8515625,0,2024-08-06 12:15:00,337
50155.44921875,50166.25,50079.3515625,50131.1484375,50131.1484375,0,2024-08-06 12:30:00,338
50130.0,50195.75,50100.8984375,50127.44921875,50127.44921875,0,2024-08-06 12:45:00,339
50127.0,50160.0,50084.3984375,50096.3515625,50096.3515625,0,2024-08-06 13:00:00,340
50094.1015625,50134.1015625,50035.0,50096.6015625,50096.6015625,0,2024-08-06 13:15:00,341
50096.3984375,50105.8515625,49877.3984375,49914.5,49914.5,0,2024-08-06 13:30:00,342
49913.25,49921.05078125,49727.1015625,49885.6484375,49885.6484375,0,2024-08-06 13:45:00,343
49884.3515625,49925.25,49754.69921875,49776.3984375,49776.3984375,0,2024-08-06 14:00:00,344
49776.1015625,49875.5,49662.0,49789.1484375,49789.1484375,0,2024-08-06 14:15:00,345
49785.30078125,49839.05078125,49707.8515625,49707.8515625,49707.8515625,0,2024-08-06 14:30:00,346
49706.25,49850.94921875,49706.25,49772.8515625,49772.8515625,0,2024-08-06 14:45:00,347
49773.75,49810.75,49701.69921875,49731.44921875,49731.44921875,0,2024-08-06 15:00:00,348
49735.1484375,49797.55078125,49708.05078125,49770.19921875,49770.19921875,0,2024-08-06 15:15:00,349
50247.8515625,50288.30078125,50097.69921875,50110.69921875,50110.69921875,0,2024-08-07 09:15:00,350
50111.3515625,50167.55078125,50028.0,50050.44921875,50050.44921875,0,2024-08-07 09:30:00,351
50052.69921875,50082.1484375,49963.80078125,49990.0,49990.0,0,2024-08-07 09:45:00,352
49991.1484375,50029.8984375,49799.8984375,49841.1015625,49841.1015625,0,2024-08-07 10:00:00,353
49836.19921875,49923.1015625,49786.69921875,49917.8984375,49917.8984375,0,2024-08-07 10:15:00,354
49916.05078125,50159.19921875,49905.94921875,50033.75,50033.75,0,2024-08-07 10:30:00,355
50033.1015625,50062.1484375,49995.30078125,50046.0,50046.0,0,2024-08-07 10:45:00,356
50044.6015625,50045.44921875,49833.5,49929.30078125,49929.30078125,0,2024-08-07 11:00:00,357
49925.8515625,49940.3984375,49841.0,49900.55078125,49900.55078125,0,2024-08-07 11:15:00,358
49905.1015625,49977.05078125,49886.44921875,49935.3515625,49935.3515625,0,2024-08-07 11:30:00,359
49936.3984375,49959.69921875,49858.25,49914.3515625,49914.3515625,0,2024-08-07 11:45:00,360
49911.55078125,49968.8984375,49876.5,49883.6015625,49883.6015625,0,2024-08-07 12:00:00,361
49891.1484375,50098.6484375,49882.44921875,50025.1484375,50025.1484375,0,2024-08-07 12:15:00,362
50023.8515625,50043.1484375,49965.19921875,49979.8515625,49979.8515625,0,2024-08-07 12:30:00,363
49981.94921875,50022.44921875,49922.3515625,49944.75,49944.75,0,2024-08-07 12:45:00,364
49942.80078125,49956.3984375,49874.1484375,49931.8515625,49931.8515625,0,2024-08-07 13:00:00,365
49931.75,49940.1484375,49863.3984375,49870.6484375,49870.6484375,0,2024-08-07 13:15:00,366
49869.1015625,49962.8984375,49855.6015625,49909.94921875,49909.94921875,0,2024-08-07 13:30:00,367
49908.80078125,49959.1484375,49882.75,49928.75,49928.75,0,2024-08-07 13:45:00,368
49930.94921875,49980.8984375,49887.5,49968.3984375,49968.3984375,0,2024-08-07 14:00:00,369
49967.8984375,50158.55078125,49960.5,50096.44921875,50096.44921875,0,2024-08-07 14:15:00,370
50094.80078125,50126.69921875,50029.8515625,50038.5,50038.5,0,2024-08-07 14:30:00,371
50045.3984375,50047.05078125,49945.6015625,50005.44921875,50005.44921875,0,2024-08-07 14:45:00,372
50001.8515625,50165.44921875,50001.8515625,50140.94921875,50140.94921875,0,2024-08-07 15:00:00,373
50139.30078125,50254.5,50123.3515625,50226.44921875,50226.44921875,0,2024-08-07 15:15:00,374
50045.69921875,50184.80078125,49961.3984375,50058.94921875,50058.94921875,0,2024-08-08 09:15:00,375
50059.80078125,50160.1015625,50059.30078125,50098.6484375,50098.6484375,0,2024-08-08 09:30:00,376
50102.05078125,50182.1484375,50013.8984375,50016.94921875,50016.94921875,0,2024-08-08 09:45:00,377
50015.3515625,50100.1015625,49830.5,49928.30078125,49928.30078125,0,2024-08-08 10:00:00,378
49928.0,50132.19921875,49901.55078125,50121.6015625,50121.6015625,0,2024-08-08 10:15:00,379
50115.44921875,50129.75,49938.55078125,50067.94921875,50067.94921875,0,2024-08-08 10:30:00,380
50072.8984375,50134.3984375,49976.8984375,50007.19921875,50007.19921875,0,2024-08-08 10:45:00,381
50005.3984375,50221.80078125,50005.3984375,50168.6484375,50168.6484375,0,2024-08-08 11:00:00,382
50170.94921875,50293.8515625,50158.80078125,50222.8515625,50222.8515625,0,2024-08-08 11:15:00,383
50221.8984375,50250.3984375,50150.75,50194.3515625,50194.3515625,0,2024-08-08 11:30:00,384
50196.19921875,50309.75,50187.30078125,50254.6015625,50254.6015625,0,2024-08-08 11:45:00,385
50256.1015625,50405.44921875,50225.8984375,50405.44921875,50405.44921875,0,2024-08-08 12:00:00,386
50408.25,50437.6015625,50353.30078125,50398.6015625,50398.6015625,0,2024-08-08 12:15:00,387
50395.6015625,50438.75,50350.3984375,50368.3515625,50368.3515625,0,2024-08-08 12:30:00,388
50367.8984375,50391.0,50180.55078125,50246.94921875,50246.94921875,0,2024-08-08 12:45:00,389
50247.6015625,50255.19921875,50109.80078125,50197.19921875,50197.19921875,0,2024-08-08 13:00:00,390
50195.94921875,50236.44921875,50086.0,50091.0,50091.0,0,2024-08-08 13:15:00,391
50088.8984375,50271.30078125,50068.8515625,50254.69921875,50254.69921875,0,2024-08-08 13:30:00,392
50255.30078125,50281.1484375,50122.6015625,50142.19921875,50142.19921875,0,2024-08-08 13:45:00,393
50139.75,50241.0,50131.94921875,50198.05078125,50198.05078125,0,2024-08-08 14:00:00,394
50199.8515625,50286.1484375,50167.94921875,50232.8515625,50232.8515625,0,2024-08-08 14:15:00,395
50232.05078125,50266.25,50197.19921875,50242.5,50242.5,0,2024-08-08 14:30:00,396
50242.0,50287.6484375,50134.3515625,50193.44921875,50193.44921875,0,2024-08-08 14:45:00,397
50194.1484375,50226.8984375,50144.8984375,50151.1015625,50151.1015625,0,2024-08-08 15:00:00,398
50148.3515625,50170.19921875,50094.6484375,50109.44921875,50109.44921875,0,2024-08-08 15:15:00,399
50611.3515625,50612.6484375,50391.8984375,50566.30078125,50566.30078125,0,2024-08-09 09:15:00,400
50566.75,50637.3515625,50517.1484375,50600.8515625,50600.8515625,0,2024-08-09 09:30:00,401
50601.0,50707.75,50561.75,50615.8984375,50615.8984375,0,2024-08-09 09:45:00,402
50614.69921875,50653.69921875,50531.30078125,50545.6015625,50545.6015625,0,2024-08-09 10:00:00,403
50546.44921875,50601.19921875,50485.6015625,50511.1484375,50511.1484375,0,2024-08-09 10:15:00,404
50512.5,50524.5,50420.94921875,50462.69921875,50462.69921875,0,2024-08-09 10:30:00,405
50462.8984375,50523.19921875,50447.05078125,50493.25,50493.25,0,2024-08-09 10:45:00,406
50497.8515625,50523.75,50476.3515625,50488.25,50488.25,0,2024-08-09 11:00:00,407
50491.94921875,50547.75,50481.1015625,50526.8984375,50526.8984375,0,2024-08-09 11:15:00,408
50527.55078125,50553.05078125,50495.75,50534.3984375,50534.3984375,0,2024-08-09 11:30:00,409
50534.1484375,50596.8984375,50532.0,50592.6015625,50592.6015625,0,2024-08-09 11:45:00,410
50590.1015625,50608.1015625,50539.44921875,50543.1015625,50543.1015625,0,2024-08-09 12:00:00,411
50541.30078125,50567.3984375,50531.1484375,50547.94921875,50547.94921875,0,2024-08-09 12:15:00,412
50547.19921875,50564.69921875,50526.25,50529.6015625,50529.6015625,0,2024-08-09 12:30:00,413
50528.0,50532.05078125,50469.05078125,50475.80078125,50475.80078125,0,2024-08-09 12:45:00,414
50475.75,50505.19921875,50454.1015625,50493.1484375,50493.1484375,0,2024-08-09 13:00:00,415
50492.5,50551.0,50478.1484375,50545.75,50545.75,0,2024-08-09 13:15:00,416
50540.69921875,50611.94921875,50531.1484375,50602.44921875,50602.44921875,0,2024-08-09 13:30:00,417
50602.80078125,50632.3515625,50523.55078125,50557.0,50557.0,0,2024-08-09 13:45:00,418
50557.3984375,50622.8515625,50537.6015625,50588.5,50588.5,0,2024-08-09 14:00:00,419
50586.1015625,50593.0,50532.8515625,50532.8515625,50532.8515625,0,2024-08-09 14:15:00,420
50533.8984375,50546.69921875,50496.1015625,50504.75,50504.75,0,2024-08-09 14:30:00,421
50505.25,50551.3515625,50491.55078125,50548.3984375,50548.3984375,0,2024-08-09 14:45:00,422
50542.8984375,50542.8984375,50464.05078125,50469.1015625,50469.1015625,0,2024-08-09 15:00:00,423
50470.5,50490.8515625,50443.1484375,50481.80078125,50481.80078125,0,2024-08-09 15:15:00,424
50407.30078125,50411.19921875,50203.3984375,50298.75,50298.75,0,2024-08-12 09:15:00,425
50305.55078125,50361.25,50255.30078125,50263.3515625,50263.3515625,0,2024-08-12 09:30:00,426
50266.30078125,50275.75,50153.55078125,50173.55078125,50173.55078125,0,2024-08-12 09:45:00,427
50172.6015625,50305.94921875,50151.0,50277.3515625,50277.3515625,0,2024-08-12 10:00:00,428
50278.94921875,50496.19921875,50278.94921875,50414.94921875,50414.94921875,0,2024-08-12 10:15:00,429
50415.6015625,50633.94921875,50415.05078125,50587.55078125,50587.55078125,0,2024-08-12 10:30:00,430
50590.30078125,50717.05078125,50552.3984375,50696.3515625,50696.3515625,0,2024-08-12 10:45:00,431
50698.69921875,50741.69921875,50665.3515625,50719.25,50719.25,0,2024-08-12 11:00:00,432
50721.6015625,50790.55078125,50631.80078125,50695.8984375,50695.8984375,0,2024-08-12 11:15:00,433
50695.8984375,50718.05078125,50632.55078125,50637.05078125,50637.05078125,0,2024-08-12 11:30:00,434
50635.5,50740.30078125,50635.5,50705.3515625,50705.3515625,0,2024-08-12 11:45:00,435
50706.6015625,50734.69921875,50636.75,50641.1015625,50641.1015625,0,2024-08-12 12:00:00,436
50640.30078125,50671.55078125,50603.8515625,50644.69921875,50644.69921875,0,2024-08-12 12:15:00,437
50641.3515625,50742.8984375,50614.8515625,50730.94921875,50730.94921875,0,2024-08-12 12:30:00,438
50727.19921875,50788.1484375,50711.8515625,50742.6015625,50742.6015625,0,2024-08-12 12:45:00,439
50747.75,50804.8515625,50719.8515625,50726.0,50726.0,0,2024-08-12 13:00:00,440
50726.0,50738.75,50673.5,50728.3984375,50728.3984375,0,2024-08-12 13:15:00,441
50725.69921875,50777.19921875,50713.3515625,50773.6484375,50773.6484375,0,2024-08-12 13:30:00,442
50771.44921875,50811.69921875,50744.8984375,50792.44921875,50792.44921875,0,2024-08-12 13:45:00,443
50787.8515625,50830.0,50751.6484375,50797.80078125,50797.80078125,0,2024-08-12 14:00:00,444
50797.3984375,50814.1015625,50710.3984375,50746.44921875,50746.44921875,0,2024-08-12 14:15:00,445
50750.3984375,50750.3984375,50689.6484375,50727.1484375,50727.1484375,0,2024-08-12 14:30:00,446
50728.8515625,50761.6015625,50594.8984375,50595.6015625,50595.6015625,0,2024-08-12 14:45:00,447
50600.75,50631.6015625,50525.3515625,50591.75,50591.75,0,2024-08-12 15:00:00,448
50598.8984375,50607.94921875,50543.5,50578.55078125,50578.55078125,0,2024-08-12 15:15:00,449
50417.1015625,50553.3984375,50406.3515625,50422.94921875,50422.94921875,0,2024-08-13 09:15:00,450
50417.25,50475.80078125,50311.80078125,50455.75,50455.75,0,2024-08-13 09:30:00,451
50452.25,50497.6484375,50344.8984375,50372.44921875,50372.44921875,0,2024-08-13 09:45:00,452
50368.30078125,50426.25,50310.19921875,50355.75,50355.75,0,2024-08-13 10:00:00,453
50354.75,50373.80078125,50230.75,50266.1484375,50266.1484375,0,2024-08-13 10:15:00,454
50264.75,50320.94921875,50233.8984375,50243.0,50243.0,0,2024-08-13 10:30:00,455
50243.44921875,50313.94921875,50232.44921875,50291.1484375,50291.1484375,0,2024-08-13 10:45:00,456
50284.8515625,50306.3515625,50251.1484375,50299.8515625,50299.8515625,0,2024-08-13 11:00:00,457
50298.3515625,50341.94921875,50264.6484375,50319.1015625,50319.1015625,0,2024-08-13 11:15:00,458
50319.55078125,50340.30078125,50289.80078125,50320.6484375,50320.6484375,0,2024-08-13 11:30:00,459
50320.1015625,50344.0,50307.3984375,50324.80078125,50324.80078125,0,2024-08-13 11:45:00,460
50319.6484375,50334.5,50203.80078125,50260.80078125,50260.80078125,0,2024-08-13 12:00:00,461
50260.3984375,50268.55078125,50222.25,50252.8984375,50252.8984375,0,2024-08-13 12:15:00,462
50251.19921875,50256.75,50133.0,50144.80078125,50144.80078125,0,2024-08-13 12:30:00,463
50138.05078125,50157.8515625,50007.6484375,50046.3515625,50046.3515625,0,2024-08-13 12:45:00,464
50045.6484375,50074.75,49992.94921875,50036.6484375,50036.6484375,0,2024-08-13 13:00:00,465
50037.19921875,50110.6484375,50028.25,50088.80078125,50088.80078125,0,2024-08-13 13:15:00,466
50085.80078125,50129.25,50037.25,50050.3984375,50050.3984375,0,2024-08-13 13:30:00,467
50044.05078125,50087.8984375,49992.69921875,50006.75,50006.75,0,2024-08-13 13:45:00,468
50004.05078125,50061.3984375,49880.25,49961.8984375,49961.8984375,0,2024-08-13 14:00:00,469
49961.6484375,49970.1015625,49896.44921875,49927.44921875,49927.44921875,0,2024-08-13 14:15:00,470
49924.8515625,49942.05078125,49826.1484375,49835.8515625,49835.8515625,0,2024-08-13 14:30:00,471
49837.8984375,49905.6015625,49796.8984375,49813.30078125,49813.30078125,0,2024-08-13 14:45:00,472
49812.5,49866.1484375,49799.94921875,49803.80078125,49803.80078125,0,2024-08-13 15:00:00,473
49805.55078125,49868.44921875,49789.3984375,49853.69921875,49853.69921875,0,2024-08-13 15:15:00,474
49917.94921875,49917.94921875,49685.75,49701.1484375,49701.1484375,0,2024-08-14 09:15:00,475
49692.80078125,49830.8515625,49656.5,49787.05078125,49787.05078125,0,2024-08-14 09:30:00,476
49783.94921875,49884.8984375,49723.44921875,49746.0,49746.0,0,2024-08-14 09:45:00,477
49744.25,49782.25,49714.44921875,49728.05078125,49728.05078125,0,2024-08-14 10:00:00,478
49728.3984375,49857.6015625,49703.25,49746.19921875,49746.19921875,0,2024-08-14 10:15:00,479
49745.8984375,49830.44921875,49741.80078125,49814.1484375,49814.1484375,0,2024-08-14 10:30:00,480
49816.1015625,49816.1015625,49738.25,49742.94921875,49742.94921875,0,2024-08-14 10:45:00,481
49743.44921875,49761.94921875,49715.0,49726.55078125,49726.55078125,0,2024-08-14 11:00:00,482
49725.3515625,49734.80078125,49681.0,49726.94921875,49726.94921875,0,2024-08-14 11:15:00,483
49726.80078125,49738.94921875,49703.55078125,49718.94921875,49718.94921875,0,2024-08-14 11:30:00,484
49719.30078125,49739.0,49694.05078125,49720.6484375,49720.6484375,0,2024-08-14 11:45:00,485
49715.30078125,49779.30078125,49715.19921875,49756.1484375,49756.1484375,0,2024-08-14 12:00:00,486
49754.8515625,49770.6015625,49706.6015625,49724.94921875,49724.94921875,0,2024-08-14 12:15:00,487
49724.3984375,49736.1484375,49702.6015625,49728.0,49728.0,0,2024-08-14 12:30:00,488
49728.94921875,49774.6484375,49721.75,49767.8515625,49767.8515625,0,2024-08-14 12:45:00,489
49764.8515625,49773.8515625,49728.3515625,49752.19921875,49752.19921875,0,2024-08-14 13:00:00,490
49754.94921875,49761.55078125,49710.3515625,49738.3515625,49738.3515625,0,2024-08-14 13:15:00,491
49737.80078125,49757.3984375,49722.30078125,49742.44921875,49742.44921875,0,2024-08-14 13:30:00,492
49742.30078125,49751.80078125,49703.5,49712.6015625,49712.6015625,0,2024-08-14 13:45:00,493
49714.30078125,49800.3984375,49703.55078125,49763.55078125,49763.55078125,0,2024-08-14 14:00:00,494
49761.3984375,49778.1015625,49716.05078125,49737.25,49737.25,0,2024-08-14 14:15:00,495
49735.8984375,49771.05078125,49705.3984375,49729.25,49729.25,0,2024-08-14 14:30:00,496
49742.1015625,49763.1484375,49718.1484375,49725.94921875,49725.94921875,0,2024-08-14 14:45:00,497
49731.3515625,49747.25,49692.80078125,49701.3515625,49701.3515625,0,2024-08-14 15:00:00,498
49702.5,49763.69921875,49697.05078125,49746.3984375,49746.3984375,0,2024-08-14 15:15:00,499
50126.6015625,50284.75,50062.75,50240.0,50240.0,0,2024-08-16 09:15:00,500
50237.75,50242.25,49973.6015625,50005.30078125,50005.30078125,0,2024-08-16 09:30:00,501
50010.5,50017.05078125,49902.1015625,49944.19921875,49944.19921875,0,2024-08-16 09:45:00,502
49940.8984375,50020.30078125,49875.8515625,49981.80078125,49981.80078125,0,2024-08-16 10:00:00,503
49982.75,49998.05078125,49862.8515625,49874.8984375,49874.8984375,0,2024-08-16 10:15:00,504
49876.5,49930.1015625,49807.8984375,49928.25,49928.25,0,2024-08-16 10:30:00,505
49927.3984375,50016.75,49918.3984375,49953.44921875,49953.44921875,0,2024-08-16 10:45:00,506
49955.8984375,49976.25,49910.6484375,49951.0,49951.0,0,2024-08-16 11:00:00,507
49951.8515625,50112.0,49938.1484375,50101.6015625,50101.6015625,0,2024-08-16 11:15:00,508
50102.19921875,50188.1015625,50097.8515625,50183.44921875,50183.44921875,0,2024-08-16 11:30:00,509
50181.44921875,50286.25,50174.05078125,50275.44921875,50275.44921875,0,2024-08-16 11:45:00,510
50279.8984375,50414.75,50264.6015625,50370.05078125,50370.05078125,0,2024-08-16 12:00:00,511
50365.19921875,50400.69921875,50291.80078125,50342.80078125,50342.80078125,0,2024-08-16 12:15:00,512
50338.25,50412.6484375,50338.25,50373.75,50373.75,0,2024-08-16 12:30:00,513
50377.1015625,50388.0,50328.05078125,50363.1484375,50363.1484375,0,2024-08-16 12:45:00,514
50363.8515625,50441.30078125,50355.19921875,50389.75,50389.75,0,2024-08-16 13:00:00,515
50390.5,50428.19921875,50361.0,50390.3515625,50390.3515625,0,2024-08-16 13:15:00,516
50387.05078125,50505.69921875,50381.6484375,50496.3984375,50496.3984375,0,2024-08-16 13:30:00,517
50493.6015625,50598.8515625,50484.5,50545.69921875,50545.69921875,0,2024-08-16 13:45:00,518
50545.80078125,50602.69921875,50537.80078125,50578.8984375,50578.8984375,0,2024-08-16 14:00:00,519
50575.19921875,50580.55078125,50508.94921875,50529.30078125,50529.30078125,0,2024-08-16 14:15:00,520
50531.1015625,50533.80078125,50432.8515625,50456.5,50456.5,0,2024-08-16 14:30:00,521
50456.5,50498.19921875,50438.3515625,50485.1015625,50485.1015625,0,2024-08-16 14:45:00,522
50484.6484375,50564.5,50470.0,50529.30078125,50529.30078125,0,2024-08-16 15:00:00,523
50534.1484375,50541.55078125,50484.80078125,50510.94921875,50510.94921875,0,2024-08-16 15:15:00,524
