Adj Close,Close,High,Low,Open,Volume,Date,ser_no
156.38999938964844,156.38999938964844,159.36000061035156,156.3000030517578,159.36000061035156,3251952,2024-10-15 09:15:00+00:00,0
156.89999389648438,156.89999389648438,156.89999389648438,155.80999755859375,156.3800048828125,3239437,2024-10-15 09:30:00+00:00,1
156.35000610351562,156.35000610351562,157.3000030517578,156.14999389648438,156.85000610351562,2321993,2024-10-15 09:45:00+00:00,2
155.8000030517578,155.8000030517578,156.35000610351562,155.6999969482422,156.35000610351562,2776884,2024-10-15 10:00:00+00:00,3
156.07000732421875,156.07000732421875,156.2899932861328,155.64999389648438,155.7899932861328,1368615,2024-10-15 10:15:00+00:00,4
156.55999755859375,156.55999755859375,156.60000610351562,155.9199981689453,156.07000732421875,1017406,2024-10-15 10:30:00+00:00,5
156.88999938964844,156.88999938964844,156.97000122070312,156.5,156.57000732421875,1129416,2024-10-15 10:45:00+00:00,6
156.83999633789062,156.83999633789062,156.97000122070312,156.57000732421875,156.88999938964844,743082,2024-10-15 11:00:00+00:00,7
156.72999572753906,156.72999572753906,156.89999389648438,156.4199981689453,156.89999389648438,765830,2024-10-15 11:15:00+00:00,8
156.57000732421875,156.57000732421875,156.7899932861328,156.5,156.72000122070312,551857,2024-10-15 11:30:00+00:00,9
156.7100067138672,156.7100067138672,156.8000030517578,156.5,156.57000732421875,562947,2024-10-15 11:45:00+00:00,10
156.0800018310547,156.0800018310547,156.6999969482422,156.00999450683594,156.67999267578125,1051966,2024-10-15 12:00:00+00:00,11
155.75999450683594,155.75999450683594,156.13999938964844,155.6999969482422,156.13999938964844,1497047,2024-10-15 12:15:00+00:00,12
155.6999969482422,155.6999969482422,155.94000244140625,155.61000061035156,155.75,1092832,2024-10-15 12:30:00+00:00,13
155.4499969482422,155.4499969482422,155.82000732421875,155.39999389648438,155.72000122070312,1231364,2024-10-15 12:45:00+00:00,14
155.1999969482422,155.1999969482422,155.4600067138672,155.0500030517578,155.4600067138672,1283298,2024-10-15 13:00:00+00:00,15
155.6199951171875,155.6199951171875,155.6999969482422,155.16000366210938,155.1999969482422,1335724,2024-10-15 13:15:00+00:00,16
155.3800048828125,155.3800048828125,155.66000366210938,155.27000427246094,155.61000061035156,891228,2024-10-15 13:30:00+00:00,17
155.25999450683594,155.25999450683594,155.4199981689453,155.1999969482422,155.3800048828125,789241,2024-10-15 13:45:00+00:00,18
155.32000732421875,155.32000732421875,155.32000732421875,155.0500030517578,155.25999450683594,1630516,2024-10-15 14:00:00+00:00,19
155.39999389648438,155.39999389648438,155.41000366210938,155.1699981689453,155.30999755859375,742175,2024-10-15 14:15:00+00:00,20
155.32000732421875,155.32000732421875,155.39999389648438,155.1999969482422,155.39999389648438,899418,2024-10-15 14:30:00+00:00,21
155.3699951171875,155.3699951171875,155.47000122070312,155.25,155.27999877929688,758665,2024-10-15 14:45:00+00:00,22
155.6300048828125,155.6300048828125,155.8000030517578,155.3699951171875,155.3699951171875,2640510,2024-10-15 15:00:00+00:00,23
155.6300048828125,155.6300048828125,155.72999572753906,155.5,155.6300048828125,3330367,2024-10-15 15:15:00+00:00,24
155.6699981689453,155.6699981689453,156.10000610351562,155.16000366210938,155.38999938964844,1405942,2024-10-16 09:15:00+00:00,25
156.22000122070312,156.22000122070312,156.5399932861328,155.5399932861328,155.60000610351562,2076253,2024-10-16 09:30:00+00:00,26
155.77999877929688,155.77999877929688,156.33999633789062,155.6300048828125,156.25999450683594,1227755,2024-10-16 09:45:00+00:00,27
155.92999267578125,155.92999267578125,156.39999389648438,155.60000610351562,155.77000427246094,1512080,2024-10-16 10:00:00+00:00,28
155.7899932861328,155.7899932861328,156.0800018310547,155.66000366210938,155.9199981689453,671789,2024-10-16 10:15:00+00:00,29
155.50999450683594,155.50999450683594,156.07000732421875,155.50999450683594,155.7899932861328,826941,2024-10-16 10:30:00+00:00,30
155.74000549316406,155.74000549316406,155.77999877929688,155.42999267578125,155.52000427246094,857605,2024-10-16 10:45:00+00:00,31
155.1999969482422,155.1999969482422,155.77000427246094,155.1999969482422,155.75,956753,2024-10-16 11:00:00+00:00,32
154.75,154.75,155.2100067138672,154.6999969482422,155.1999969482422,1706482,2024-10-16 11:15:00+00:00,33
154.38999938964844,154.38999938964844,154.9499969482422,154.22000122070312,154.77999877929688,1396512,2024-10-16 11:30:00+00:00,34
154.4199981689453,154.4199981689453,154.5,154.02000427246094,154.38999938964844,1060975,2024-10-16 11:45:00+00:00,35
154.4499969482422,154.4499969482422,154.75,154.27999877929688,154.42999267578125,629825,2024-10-16 12:00:00+00:00,36
154.30999755859375,154.30999755859375,154.6199951171875,154.1999969482422,154.42999267578125,550775,2024-10-16 12:15:00+00:00,37
154.5399932861328,154.5399932861328,154.5500030517578,154.24000549316406,154.30999755859375,462951,2024-10-16 12:30:00+00:00,38
154.63999938964844,154.63999938964844,154.63999938964844,154.4499969482422,154.5399932861328,377162,2024-10-16 12:45:00+00:00,39
154.97000122070312,154.97000122070312,155.05999755859375,154.61000061035156,154.6199951171875,755391,2024-10-16 13:00:00+00:00,40
155.1199951171875,155.1199951171875,155.1999969482422,154.8000030517578,154.97000122070312,603426,2024-10-16 13:15:00+00:00,41
155.02999877929688,155.02999877929688,155.14999389648438,154.8800048828125,155.1199951171875,459315,2024-10-16 13:30:00+00:00,42
155.10000610351562,155.10000610351562,155.38999938964844,154.97999572753906,155.0399932861328,644891,2024-10-16 13:45:00+00:00,43
155.66000366210938,155.66000366210938,155.72000122070312,155.10000610351562,155.10000610351562,975347,2024-10-16 14:00:00+00:00,44
155.89999389648438,155.89999389648438,156.0,155.57000732421875,155.67999267578125,1251322,2024-10-16 14:15:00+00:00,45
155.75999450683594,155.75999450683594,155.99000549316406,155.64999389648438,155.89999389648438,681413,2024-10-16 14:30:00+00:00,46
155.5800018310547,155.5800018310547,155.8000030517578,155.24000549316406,155.7899932861328,860673,2024-10-16 14:45:00+00:00,47
155.1999969482422,155.1999969482422,155.57000732421875,155.16000366210938,155.57000732421875,2206103,2024-10-16 15:00:00+00:00,48
155.10000610351562,155.10000610351562,155.41000366210938,155.0,155.1999969482422,2867658,2024-10-16 15:15:00+00:00,49
155.55999755859375,155.55999755859375,156.3000030517578,155.1999969482422,155.6999969482422,1078302,2024-10-17 09:15:00+00:00,50
154.4499969482422,154.4499969482422,155.55999755859375,154.07000732421875,155.55999755859375,1852330,2024-10-17 09:30:00+00:00,51
153.97000122070312,153.97000122070312,154.4499969482422,153.80999755859375,154.4499969482422,1580152,2024-10-17 09:45:00+00:00,52
154.25,154.25,154.3000030517578,153.64999389648438,153.92999267578125,1164028,2024-10-17 10:00:00+00:00,53
154.1300048828125,154.1300048828125,154.25999450683594,153.55999755859375,154.25,993135,2024-10-17 10:15:00+00:00,54
154.2899932861328,154.2899932861328,154.42999267578125,154.0,154.1300048828125,619196,2024-10-17 10:30:00+00:00,55
154.5500030517578,154.5500030517578,154.75,154.2100067138672,154.24000549316406,1040603,2024-10-17 10:45:00+00:00,56
154.4600067138672,154.4600067138672,154.69000244140625,154.42999267578125,154.52000427246094,554376,2024-10-17 11:00:00+00:00,57
154.35000610351562,154.35000610351562,154.86000061035156,154.19000244140625,154.4199981689453,811493,2024-10-17 11:15:00+00:00,58
154.02000427246094,154.02000427246094,154.5,153.97000122070312,154.3800048828125,771403,2024-10-17 11:30:00+00:00,59
153.85000610351562,153.85000610351562,154.13999938964844,153.8000030517578,154.0500030517578,585123,2024-10-17 11:45:00+00:00,60
153.85000610351562,153.85000610351562,154.10000610351562,153.77000427246094,153.85000610351562,515704,2024-10-17 12:00:00+00:00,61
153.9600067138672,153.9600067138672,154.0500030517578,153.7100067138672,153.80999755859375,484454,2024-10-17 12:15:00+00:00,62
153.72999572753906,153.72999572753906,154.14999389648438,153.6199951171875,153.9600067138672,680788,2024-10-17 12:30:00+00:00,63
153.9199981689453,153.9199981689453,153.9499969482422,153.52000427246094,153.72999572753906,617057,2024-10-17 12:45:00+00:00,64
153.47000122070312,153.47000122070312,153.97999572753906,153.35000610351562,153.91000366210938,758942,2024-10-17 13:00:00+00:00,65
153.13999938964844,153.13999938964844,153.64999389648438,153.0,153.52000427246094,909551,2024-10-17 13:15:00+00:00,66
153.2899932861328,153.2899932861328,153.3000030517578,153.0,153.10000610351562,641598,2024-10-17 13:30:00+00:00,67
152.75,152.75,153.3000030517578,152.6199951171875,153.2899932861328,1391606,2024-10-17 13:45:00+00:00,68
152.2899932861328,152.2899932861328,152.89999389648438,152.25999450683594,152.6999969482422,1484810,2024-10-17 14:00:00+00:00,69
152.75,152.75,152.91000366210938,152.27999877929688,152.33999633789062,1160267,2024-10-17 14:15:00+00:00,70
152.5399932861328,152.5399932861328,152.85000610351562,152.41000366210938,152.72000122070312,783523,2024-10-17 14:30:00+00:00,71
152.60000610351562,152.60000610351562,152.7899932861328,152.2899932861328,152.5399932861328,958906,2024-10-17 14:45:00+00:00,72
152.47999572753906,152.47999572753906,152.91000366210938,152.3300018310547,152.6300048828125,1965399,2024-10-17 15:00:00+00:00,73
152.39999389648438,152.39999389648438,152.52999877929688,152.16000366210938,152.42999267578125,3349441,2024-10-17 15:15:00+00:00,74
151.1999969482422,151.1999969482422,152.5,151.10000610351562,152.3699951171875,1649209,2024-10-18 09:15:00+00:00,75
152.80999755859375,152.80999755859375,153.42999267578125,151.17999267578125,151.2100067138672,3107104,2024-10-18 09:30:00+00:00,76
152.69000244140625,152.69000244140625,153.14999389648438,152.14999389648438,152.83999633789062,1429144,2024-10-18 09:45:00+00:00,77
153.4199981689453,153.4199981689453,153.60000610351562,152.41000366210938,152.66000366210938,1246695,2024-10-18 10:00:00+00:00,78
153.89999389648438,153.89999389648438,153.97999572753906,153.1199951171875,153.4199981689453,1117648,2024-10-18 10:15:00+00:00,79
153.77999877929688,153.77999877929688,154.1999969482422,153.50999450683594,153.89999389648438,1246232,2024-10-18 10:30:00+00:00,80
153.42999267578125,153.42999267578125,154.1999969482422,153.30999755859375,153.77999877929688,1082206,2024-10-18 10:45:00+00:00,81
153.49000549316406,153.49000549316406,153.77999877929688,153.1999969482422,153.39999389648438,664554,2024-10-18 11:00:00+00:00,82
153.6199951171875,153.6199951171875,153.6300048828125,153.16000366210938,153.5500030517578,682909,2024-10-18 11:15:00+00:00,83
154.91000366210938,154.91000366210938,155.0,153.5500030517578,153.58999633789062,1766220,2024-10-18 11:30:00+00:00,84
154.97999572753906,154.97999572753906,155.1999969482422,154.60000610351562,154.91000366210938,1499634,2024-10-18 11:45:00+00:00,85
154.72999572753906,154.72999572753906,155.3000030517578,154.6699981689453,154.9600067138672,1323259,2024-10-18 12:00:00+00:00,86
155.1300048828125,155.1300048828125,155.25,154.67999267578125,154.67999267578125,857597,2024-10-18 12:15:00+00:00,87
155.61000061035156,155.61000061035156,155.64999389648438,155.00999450683594,155.1300048828125,1165619,2024-10-18 12:30:00+00:00,88
155.58999633789062,155.58999633789062,155.8300018310547,155.3300018310547,155.49000549316406,985062,2024-10-18 12:45:00+00:00,89
155.66000366210938,155.66000366210938,155.88999938964844,155.3000030517578,155.55999755859375,914091,2024-10-18 13:00:00+00:00,90
155.8699951171875,155.8699951171875,156.1999969482422,155.61000061035156,155.66000366210938,1372553,2024-10-18 13:15:00+00:00,91
155.67999267578125,155.67999267578125,155.9499969482422,155.55999755859375,155.86000061035156,750881,2024-10-18 13:30:00+00:00,92
155.44000244140625,155.44000244140625,155.8800048828125,155.39999389648438,155.63999938964844,805322,2024-10-18 13:45:00+00:00,93
155.2100067138672,155.2100067138672,155.67999267578125,155.1999969482422,155.47000122070312,884609,2024-10-18 14:00:00+00:00,94
155.75,155.75,155.75,155.10000610351562,155.22000122070312,857954,2024-10-18 14:15:00+00:00,95
155.3000030517578,155.3000030517578,155.8000030517578,155.2100067138672,155.75,833300,2024-10-18 14:30:00+00:00,96
155.6999969482422,155.6999969482422,155.7899932861328,155.2100067138672,155.32000732421875,1402795,2024-10-18 14:45:00+00:00,97
155.3699951171875,155.3699951171875,155.6999969482422,155.14999389648438,155.6999969482422,2809451,2024-10-18 15:00:00+00:00,98
155.5,155.5,155.69000244140625,155.14999389648438,155.3699951171875,2711044,2024-10-18 15:15:00+00:00,99
156.49000549316406,156.49000549316406,157.89999389648438,155.9199981689453,157.47999572753906,1444486,2024-10-21 09:15:00+00:00,100
155.41000366210938,155.41000366210938,156.67999267578125,155.22000122070312,156.49000549316406,1933487,2024-10-21 09:30:00+00:00,101
155.0500030517578,155.0500030517578,155.4199981689453,154.61000061035156,155.41000366210938,1826629,2024-10-21 09:45:00+00:00,102
155.64999389648438,155.64999389648438,156.2899932861328,154.9600067138672,155.0500030517578,1516315,2024-10-21 10:00:00+00:00,103
155.2100067138672,155.2100067138672,156.1999969482422,155.1999969482422,155.66000366210938,1316512,2024-10-21 10:15:00+00:00,104
155.25,155.25,155.52999877929688,155.02999877929688,155.2100067138672,825472,2024-10-21 10:30:00+00:00,105
155.05999755859375,155.05999755859375,155.5,154.8000030517578,155.25999450683594,685979,2024-10-21 10:45:00+00:00,106
155.52999877929688,155.52999877929688,155.58999633789062,154.85000610351562,155.0800018310547,731200,2024-10-21 11:00:00+00:00,107
155.49000549316406,155.49000549316406,155.67999267578125,155.25,155.52000427246094,817702,2024-10-21 11:15:00+00:00,108
155.3699951171875,155.3699951171875,155.5,155.00999450683594,155.44000244140625,481121,2024-10-21 11:30:00+00:00,109
155.02000427246094,155.02000427246094,155.36000061035156,154.9499969482422,155.36000061035156,634321,2024-10-21 11:45:00+00:00,110
154.91000366210938,154.91000366210938,155.25999450683594,154.91000366210938,155.02000427246094,505469,2024-10-21 12:00:00+00:00,111
154.89999389648438,154.89999389648438,155.14999389648438,154.64999389648438,154.97000122070312,734007,2024-10-21 12:15:00+00:00,112
154.92999267578125,154.92999267578125,155.10000610351562,154.6999969482422,154.89999389648438,391358,2024-10-21 12:30:00+00:00,113
154.82000732421875,154.82000732421875,155.0,154.6699981689453,154.92999267578125,370083,2024-10-21 12:45:00+00:00,114
155.07000732421875,155.07000732421875,155.13999938964844,154.6300048828125,154.8000030517578,444082,2024-10-21 13:00:00+00:00,115
154.89999389648438,154.89999389648438,155.75999450683594,154.89999389648438,155.07000732421875,1067437,2024-10-21 13:15:00+00:00,116
154.8699951171875,154.8699951171875,154.99000549316406,154.6999969482422,154.89999389648438,490233,2024-10-21 13:30:00+00:00,117
155.5,155.5,155.60000610351562,154.77000427246094,154.92999267578125,840599,2024-10-21 13:45:00+00:00,118
154.82000732421875,154.82000732421875,155.77999877929688,154.82000732421875,155.5,1063146,2024-10-21 14:00:00+00:00,119
155.22000122070312,155.22000122070312,155.3800048828125,154.75,154.82000732421875,581049,2024-10-21 14:15:00+00:00,120
155.2899932861328,155.2899932861328,155.60000610351562,155.2100067138672,155.2100067138672,736884,2024-10-21 14:30:00+00:00,121
155.00999450683594,155.00999450683594,155.32000732421875,154.91000366210938,155.24000549316406,821028,2024-10-21 14:45:00+00:00,122
155.1999969482422,155.1999969482422,155.25,154.80999755859375,155.07000732421875,1272510,2024-10-21 15:00:00+00:00,123
155.00999450683594,155.00999450683594,155.2100067138672,154.75,155.19000244140625,2413224,2024-10-21 15:15:00+00:00,124
153.30999755859375,153.30999755859375,154.8699951171875,152.52000427246094,154.25,2621821,2024-10-22 09:15:00+00:00,125
153.00999450683594,153.00999450683594,153.27999877929688,152.24000549316406,153.27999877929688,2070714,2024-10-22 09:30:00+00:00,126
153.5500030517578,153.5500030517578,153.5500030517578,152.80999755859375,153.02999877929688,2272954,2024-10-22 09:45:00+00:00,127
152.36000061035156,152.36000061035156,153.74000549316406,152.3000030517578,153.5500030517578,2227536,2024-10-22 10:00:00+00:00,128
151.8800048828125,151.8800048828125,152.55999755859375,151.77000427246094,152.36000061035156,2900745,2024-10-22 10:15:00+00:00,129
151.61000061035156,151.61000061035156,152.13999938964844,151.47000122070312,151.92999267578125,1349483,2024-10-22 10:30:00+00:00,130
152.25999450683594,152.25999450683594,152.47999572753906,151.5500030517578,151.61000061035156,1286798,2024-10-22 10:45:00+00:00,131
151.97000122070312,151.97000122070312,152.3699951171875,151.69000244140625,152.22000122070312,855351,2024-10-22 11:00:00+00:00,132
152.0,152.0,152.0500030517578,151.52000427246094,151.97999572753906,880854,2024-10-22 11:15:00+00:00,133
152.10000610351562,152.10000610351562,152.24000549316406,151.8000030517578,152.0,723990,2024-10-22 11:30:00+00:00,134
152.35000610351562,152.35000610351562,152.38999938964844,151.64999389648438,152.08999633789062,1051354,2024-10-22 11:45:00+00:00,135
151.8699951171875,151.8699951171875,152.47999572753906,151.86000061035156,152.3000030517578,1057165,2024-10-22 12:00:00+00:00,136
151.74000549316406,151.74000549316406,152.3000030517578,151.64999389648438,151.9199981689453,1164288,2024-10-22 12:15:00+00:00,137
151.91000366210938,151.91000366210938,152.0500030517578,151.60000610351562,151.7899932861328,711110,2024-10-22 12:30:00+00:00,138
151.8699951171875,151.8699951171875,151.99000549316406,151.60000610351562,151.9199981689453,656142,2024-10-22 12:45:00+00:00,139
151.67999267578125,151.67999267578125,151.9499969482422,151.39999389648438,151.8699951171875,1029037,2024-10-22 13:00:00+00:00,140
151.3300018310547,151.3300018310547,151.69000244140625,150.94000244140625,151.69000244140625,1929656,2024-10-22 13:15:00+00:00,141
151.44000244140625,151.44000244140625,151.7899932861328,151.22999572753906,151.3300018310547,859945,2024-10-22 13:30:00+00:00,142
151.60000610351562,151.60000610351562,151.8800048828125,151.3000030517578,151.42999267578125,767956,2024-10-22 13:45:00+00:00,143
151.99000549316406,151.99000549316406,151.99000549316406,151.2100067138672,151.63999938964844,1353159,2024-10-22 14:00:00+00:00,144
151.4600067138672,151.4600067138672,151.99000549316406,151.27999877929688,151.9600067138672,965844,2024-10-22 14:15:00+00:00,145
151.39999389648438,151.39999389648438,151.55999755859375,151.17999267578125,151.47999572753906,1447462,2024-10-22 14:30:00+00:00,146
150.8800048828125,150.8800048828125,151.5500030517578,150.86000061035156,151.38999938964844,1736535,2024-10-22 14:45:00+00:00,147
150.25,150.25,151.1999969482422,150.1199951171875,150.8800048828125,3125990,2024-10-22 15:00:00+00:00,148
150.8699951171875,150.8699951171875,150.91000366210938,150.11000061035156,150.24000549316406,2891517,2024-10-22 15:15:00+00:00,149
151.19000244140625,151.19000244140625,151.92999267578125,149.44000244140625,150.5,3458411,2024-10-23 09:15:00+00:00,150
148.36000061035156,148.36000061035156,151.27000427246094,148.05999755859375,151.11000061035156,3656797,2024-10-23 09:30:00+00:00,151
149.4199981689453,149.4199981689453,150.10000610351562,148.14999389648438,148.33999633789062,2675747,2024-10-23 09:45:00+00:00,152
150.3000030517578,150.3000030517578,150.32000732421875,149.13999938964844,149.32000732421875,1775150,2024-10-23 10:00:00+00:00,153
149.67999267578125,149.67999267578125,150.8000030517578,149.2100067138672,150.32000732421875,1926478,2024-10-23 10:15:00+00:00,154
149.47999572753906,149.47999572753906,150.10000610351562,149.3000030517578,149.74000549316406,1213946,2024-10-23 10:30:00+00:00,155
149.8300018310547,149.8300018310547,150.22999572753906,149.4199981689453,149.52999877929688,872561,2024-10-23 10:45:00+00:00,156
150.1999969482422,150.1999969482422,150.6999969482422,149.77000427246094,149.83999633789062,1231293,2024-10-23 11:00:00+00:00,157
150.5,150.5,150.57000732421875,149.72999572753906,150.19000244140625,1195248,2024-10-23 11:15:00+00:00,158
150.25,150.25,150.8699951171875,150.00999450683594,150.5500030517578,1042176,2024-10-23 11:30:00+00:00,159
150.05999755859375,150.05999755859375,150.38999938964844,149.9499969482422,150.27000427246094,670335,2024-10-23 11:45:00+00:00,160
149.91000366210938,149.91000366210938,150.41000366210938,149.75,150.1199951171875,943408,2024-10-23 12:00:00+00:00,161
149.75,149.75,150.22999572753906,149.55999755859375,149.97000122070312,1691509,2024-10-23 12:15:00+00:00,162
149.60000610351562,149.60000610351562,149.97000122070312,149.55999755859375,149.75,767474,2024-10-23 12:30:00+00:00,163
150.08999633789062,150.08999633789062,150.1999969482422,149.5500030517578,149.5800018310547,762456,2024-10-23 12:45:00+00:00,164
149.85000610351562,149.85000610351562,150.08999633789062,149.72000122070312,150.0800018310547,553717,2024-10-23 13:00:00+00:00,165
149.8800048828125,149.8800048828125,149.89999389648438,149.64999389648438,149.86000061035156,524653,2024-10-23 13:15:00+00:00,166
149.88999938964844,149.88999938964844,150.14999389648438,149.69000244140625,149.8800048828125,887203,2024-10-23 13:30:00+00:00,167
150.0,150.0,150.11000061035156,149.83999633789062,149.9199981689453,1288438,2024-10-23 13:45:00+00:00,168
149.85000610351562,149.85000610351562,150.39999389648438,149.82000732421875,150.0,2149299,2024-10-23 14:00:00+00:00,169
149.6699981689453,149.6699981689453,150.0399932861328,149.5,149.89999389648438,1718579,2024-10-23 14:15:00+00:00,170
148.92999267578125,148.92999267578125,149.94000244140625,148.89999389648438,149.67999267578125,2308927,2024-10-23 14:30:00+00:00,171
149.22999572753906,149.22999572753906,149.22999572753906,148.77000427246094,148.89999389648438,1006643,2024-10-23 14:45:00+00:00,172
148.74000549316406,148.74000549316406,149.4199981689453,148.61000061035156,149.25,2506260,2024-10-23 15:00:00+00:00,173
148.69000244140625,148.69000244140625,148.77999877929688,148.50999450683594,148.72999572753906,2726716,2024-10-23 15:15:00+00:00,174
148.3699951171875,148.3699951171875,149.77999877929688,148.14999389648438,149.39999389648438,1774532,2024-10-24 09:15:00+00:00,175
148.44000244140625,148.44000244140625,148.85000610351562,148.00999450683594,148.38999938964844,1671690,2024-10-24 09:30:00+00:00,176
149.17999267578125,149.17999267578125,149.19000244140625,148.35000610351562,148.4600067138672,1399017,2024-10-24 09:45:00+00:00,177
149.14999389648438,149.14999389648438,149.2100067138672,148.75,149.1300048828125,1134304,2024-10-24 10:00:00+00:00,178
149.44000244140625,149.44000244140625,149.52999877929688,149.00999450683594,149.14999389648438,833347,2024-10-24 10:15:00+00:00,179
149.7100067138672,149.7100067138672,149.75,149.10000610351562,149.4499969482422,914232,2024-10-24 10:30:00+00:00,180
148.9600067138672,148.9600067138672,149.72000122070312,148.89999389648438,149.7100067138672,1350573,2024-10-24 10:45:00+00:00,181
148.82000732421875,148.82000732421875,149.0,148.6999969482422,148.9600067138672,734777,2024-10-24 11:00:00+00:00,182
148.6199951171875,148.6199951171875,148.88999938964844,148.5,148.7899932861328,606844,2024-10-24 11:15:00+00:00,183
148.8800048828125,148.8800048828125,148.9499969482422,148.5,148.6300048828125,606609,2024-10-24 11:30:00+00:00,184
149.1699981689453,149.1699981689453,149.25,148.85000610351562,148.88999938964844,475554,2024-10-24 11:45:00+00:00,185
148.77999877929688,148.77999877929688,149.1300048828125,148.6999969482422,149.10000610351562,294498,2024-10-24 12:00:00+00:00,186
148.66000366210938,148.66000366210938,148.7899932861328,148.4600067138672,148.72000122070312,540127,2024-10-24 12:15:00+00:00,187
149.11000061035156,149.11000061035156,149.1999969482422,148.61000061035156,148.67999267578125,581723,2024-10-24 12:30:00+00:00,188
148.83999633789062,148.83999633789062,149.39999389648438,148.75,149.14999389648438,536340,2024-10-24 12:45:00+00:00,189
149.0500030517578,149.0500030517578,149.10000610351562,148.82000732421875,148.82000732421875,242983,2024-10-24 13:00:00+00:00,190
149.1300048828125,149.1300048828125,149.1999969482422,148.97999572753906,149.0,261755,2024-10-24 13:15:00+00:00,191
149.02000427246094,149.02000427246094,149.1699981689453,148.83999633789062,149.1699981689453,232393,2024-10-24 13:30:00+00:00,192
149.0500030517578,149.0500030517578,149.19000244140625,148.82000732421875,149.02000427246094,467456,2024-10-24 13:45:00+00:00,193
148.9600067138672,148.9600067138672,149.0800018310547,148.8699951171875,149.0500030517578,216395,2024-10-24 14:00:00+00:00,194
148.99000549316406,148.99000549316406,149.00999450683594,148.5500030517578,148.9600067138672,477072,2024-10-24 14:15:00+00:00,195
149.3800048828125,149.3800048828125,149.49000549316406,148.97999572753906,148.99000549316406,978350,2024-10-24 14:30:00+00:00,196
149.3699951171875,149.3699951171875,149.44000244140625,149.25,149.3800048828125,412908,2024-10-24 14:45:00+00:00,197
148.8699951171875,148.8699951171875,149.4600067138672,148.77999877929688,149.36000061035156,1682778,2024-10-24 15:00:00+00:00,198
149.02999877929688,149.02999877929688,149.05999755859375,148.8000030517578,148.8699951171875,2109565,2024-10-24 15:15:00+00:00,199
147.77000427246094,147.77000427246094,149.27999877929688,147.57000732421875,149.27999877929688,1393529,2024-10-25 09:15:00+00:00,200
146.4499969482422,146.4499969482422,147.6699981689453,146.3300018310547,147.60000610351562,2401913,2024-10-25 09:30:00+00:00,201
145.5,145.5,146.5,145.38999938964844,146.4600067138672,2238681,2024-10-25 09:45:00+00:00,202
145.67999267578125,145.67999267578125,146.10000610351562,145.4600067138672,145.49000549316406,1938954,2024-10-25 10:00:00+00:00,203
145.5399932861328,145.5399932861328,146.63999938964844,145.39999389648438,145.69000244140625,1807287,2024-10-25 10:15:00+00:00,204
145.3000030517578,145.3000030517578,146.0800018310547,145.25,145.52999877929688,1395146,2024-10-25 10:30:00+00:00,205
145.6300048828125,145.6300048828125,145.75999450683594,144.5,145.2899932861328,2749706,2024-10-25 10:45:00+00:00,206
146.08999633789062,146.08999633789062,146.1199951171875,145.30999755859375,145.58999633789062,1408556,2024-10-25 11:00:00+00:00,207
146.0500030517578,146.0500030517578,146.5500030517578,145.8300018310547,146.10000610351562,1388383,2024-10-25 11:15:00+00:00,208
145.8800048828125,145.8800048828125,146.3800048828125,145.64999389648438,146.08999633789062,857452,2024-10-25 11:30:00+00:00,209
145.7100067138672,145.7100067138672,146.1300048828125,145.52000427246094,145.8699951171875,820608,2024-10-25 11:45:00+00:00,210
145.69000244140625,145.69000244140625,146.22000122070312,145.64999389648438,145.77999877929688,903666,2024-10-25 12:00:00+00:00,211
145.60000610351562,145.60000610351562,146.10000610351562,145.3000030517578,145.7100067138672,1138551,2024-10-25 12:15:00+00:00,212
145.8699951171875,145.8699951171875,146.1199951171875,145.4600067138672,145.64999389648438,787995,2024-10-25 12:30:00+00:00,213
145.99000549316406,145.99000549316406,146.1699981689453,145.69000244140625,145.89999389648438,641520,2024-10-25 12:45:00+00:00,214
145.97999572753906,145.97999572753906,146.10000610351562,145.64999389648438,145.99000549316406,630335,2024-10-25 13:00:00+00:00,215
145.75,145.75,146.14999389648438,145.61000061035156,145.97999572753906,770610,2024-10-25 13:15:00+00:00,216
145.97000122070312,145.97000122070312,146.0399932861328,145.30999755859375,145.75,966988,2024-10-25 13:30:00+00:00,217
145.42999267578125,145.42999267578125,146.0,145.3800048828125,145.97000122070312,782777,2024-10-25 13:45:00+00:00,218
145.42999267578125,145.42999267578125,145.99000549316406,145.1699981689453,145.42999267578125,1474852,2024-10-25 14:00:00+00:00,219
144.7899932861328,144.7899932861328,145.5500030517578,144.6199951171875,145.42999267578125,2537549,2024-10-25 14:15:00+00:00,220
145.35000610351562,145.35000610351562,145.60000610351562,144.52999877929688,144.77999877929688,1988633,2024-10-25 14:30:00+00:00,221
145.72999572753906,145.72999572753906,146.02999877929688,145.3000030517578,145.35000610351562,1856132,2024-10-25 14:45:00+00:00,222
145.80999755859375,145.80999755859375,145.99000549316406,145.3800048828125,145.7100067138672,3303197,2024-10-25 15:00:00+00:00,223
146.36000061035156,146.36000061035156,146.36000061035156,145.8000030517578,145.88999938964844,2516720,2024-10-25 15:15:00+00:00,224
146.5800018310547,146.5800018310547,146.67999267578125,144.80999755859375,146.25,1761874,2024-10-28 09:15:00+00:00,225
145.6199951171875,145.6199951171875,146.5800018310547,145.39999389648438,146.5500030517578,1866670,2024-10-28 09:30:00+00:00,226
147.11000061035156,147.11000061035156,147.2899932861328,145.55999755859375,145.72000122070312,1959098,2024-10-28 09:45:00+00:00,227
147.24000549316406,147.24000549316406,147.39999389648438,146.6699981689453,147.1300048828125,1311276,2024-10-28 10:00:00+00:00,228
148.6999969482422,148.6999969482422,148.6999969482422,147.1999969482422,147.24000549316406,2603789,2024-10-28 10:15:00+00:00,229
148.89999389648438,148.89999389648438,149.17999267578125,148.57000732421875,148.72999572753906,1537529,2024-10-28 10:30:00+00:00,230
148.6999969482422,148.6999969482422,149.1999969482422,148.61000061035156,148.9499969482422,1252449,2024-10-28 10:45:00+00:00,231
148.61000061035156,148.61000061035156,149.0500030517578,148.3800048828125,148.80999755859375,860184,2024-10-28 11:00:00+00:00,232
148.67999267578125,148.67999267578125,149.08999633789062,148.6300048828125,148.6699981689453,875591,2024-10-28 11:15:00+00:00,233
148.64999389648438,148.64999389648438,148.7899932861328,148.44000244140625,148.67999267578125,634907,2024-10-28 11:30:00+00:00,234
148.00999450683594,148.00999450683594,148.8000030517578,147.89999389648438,148.6999969482422,1184878,2024-10-28 11:45:00+00:00,235
148.38999938964844,148.38999938964844,148.39999389648438,147.89999389648438,148.0500030517578,562984,2024-10-28 12:00:00+00:00,236
148.83999633789062,148.83999633789062,148.86000061035156,148.41000366210938,148.6699981689453,700944,2024-10-28 12:15:00+00:00,237
148.5399932861328,148.5399932861328,148.83999633789062,148.5,148.82000732421875,402726,2024-10-28 12:30:00+00:00,238
148.6199951171875,148.6199951171875,148.6699981689453,148.13999938964844,148.52999877929688,516332,2024-10-28 12:45:00+00:00,239
148.63999938964844,148.63999938964844,148.74000549316406,148.44000244140625,148.6300048828125,429260,2024-10-28 13:00:00+00:00,240
148.8000030517578,148.8000030517578,148.9600067138672,148.60000610351562,148.6199951171875,749768,2024-10-28 13:15:00+00:00,241
149.1199951171875,149.1199951171875,149.35000610351562,148.77999877929688,148.7899932861328,769253,2024-10-28 13:30:00+00:00,242
149.39999389648438,149.39999389648438,149.47000122070312,149.1199951171875,149.14999389648438,656614,2024-10-28 13:45:00+00:00,243
149.22999572753906,149.22999572753906,149.60000610351562,148.97000122070312,149.39999389648438,839620,2024-10-28 14:00:00+00:00,244
149.3000030517578,149.3000030517578,149.44000244140625,149.14999389648438,149.22000122070312,514888,2024-10-28 14:15:00+00:00,245
149.36000061035156,149.36000061035156,149.72000122070312,149.3000030517578,149.35000610351562,765617,2024-10-28 14:30:00+00:00,246
149.42999267578125,149.42999267578125,149.5,149.32000732421875,149.35000610351562,463004,2024-10-28 14:45:00+00:00,247
149.44000244140625,149.44000244140625,149.5800018310547,148.88999938964844,149.36000061035156,1576481,2024-10-28 15:00:00+00:00,248
149.5,149.5,149.6699981689453,149.10000610351562,149.47000122070312,2331313,2024-10-28 15:15:00+00:00,249
148.6199951171875,148.6199951171875,149.88999938964844,148.39999389648438,149.85000610351562,2431886,2024-10-29 09:15:00+00:00,250
148.30999755859375,148.30999755859375,148.57000732421875,147.92999267578125,148.57000732421875,1801690,2024-10-29 09:30:00+00:00,251
148.10000610351562,148.10000610351562,148.44000244140625,147.9499969482422,148.30999755859375,1285228,2024-10-29 09:45:00+00:00,252
148.08999633789062,148.08999633789062,148.25,147.75,148.07000732421875,1148014,2024-10-29 10:00:00+00:00,253
147.5,147.5,148.25,147.22000122070312,148.14999389648438,1382783,2024-10-29 10:15:00+00:00,254
146.92999267578125,146.92999267578125,147.50999450683594,146.86000061035156,147.5,1464719,2024-10-29 10:30:00+00:00,255
147.25999450683594,147.25999450683594,147.30999755859375,146.6999969482422,146.92999267578125,1436251,2024-10-29 10:45:00+00:00,256
146.80999755859375,146.80999755859375,147.27999877929688,146.6300048828125,147.24000549316406,1271051,2024-10-29 11:00:00+00:00,257
146.91000366210938,146.91000366210938,147.10000610351562,146.7100067138672,146.80999755859375,703118,2024-10-29 11:15:00+00:00,258
147.17999267578125,147.17999267578125,147.1999969482422,146.55999755859375,146.91000366210938,1095071,2024-10-29 11:30:00+00:00,259
147.0500030517578,147.0500030517578,147.3000030517578,147.00999450683594,147.22000122070312,748146,2024-10-29 11:45:00+00:00,260
147.50999450683594,147.50999450683594,147.60000610351562,147.0,147.02999877929688,854244,2024-10-29 12:00:00+00:00,261
147.19000244140625,147.19000244140625,147.60000610351562,147.10000610351562,147.52000427246094,805278,2024-10-29 12:15:00+00:00,262
147.14999389648438,147.14999389648438,147.27999877929688,147.07000732421875,147.16000366210938,569193,2024-10-29 12:30:00+00:00,263
147.17999267578125,147.17999267578125,147.4499969482422,147.1300048828125,147.14999389648438,603024,2024-10-29 12:45:00+00:00,264
147.25,147.25,147.5,147.14999389648438,147.17999267578125,632233,2024-10-29 13:00:00+00:00,265
147.0,147.0,147.5,146.7899932861328,147.25,875972,2024-10-29 13:15:00+00:00,266
147.02999877929688,147.02999877929688,147.10000610351562,146.75,147.0,697735,2024-10-29 13:30:00+00:00,267
147.10000610351562,147.10000610351562,147.1300048828125,146.8699951171875,147.00999450683594,601021,2024-10-29 13:45:00+00:00,268
148.19000244140625,148.19000244140625,148.19000244140625,147.08999633789062,147.08999633789062,1684805,2024-10-29 14:00:00+00:00,269
148.89999389648438,148.89999389648438,149.19000244140625,148.13999938964844,148.17999267578125,1849761,2024-10-29 14:15:00+00:00,270
149.8000030517578,149.8000030517578,150.42999267578125,148.52000427246094,148.92999267578125,2916922,2024-10-29 14:30:00+00:00,271
149.5800018310547,149.5800018310547,149.85000610351562,149.41000366210938,149.77000427246094,1523569,2024-10-29 14:45:00+00:00,272
150.00999450683594,150.00999450683594,150.3000030517578,149.57000732421875,149.57000732421875,2323404,2024-10-29 15:00:00+00:00,273
150.0500030517578,150.0500030517578,150.13999938964844,150.0,150.05999755859375,1537682,2024-10-29 15:15:00+00:00,274
148.9600067138672,148.9600067138672,149.80999755859375,148.57000732421875,149.0,1914558,2024-10-30 09:15:00+00:00,275
149.85000610351562,149.85000610351562,149.8800048828125,148.75,148.9600067138672,1241923,2024-10-30 09:30:00+00:00,276
150.08999633789062,150.08999633789062,150.14999389648438,149.39999389648438,149.85000610351562,1189732,2024-10-30 09:45:00+00:00,277
150.63999938964844,150.63999938964844,150.67999267578125,149.91000366210938,150.08999633789062,1234537,2024-10-30 10:00:00+00:00,278
150.58999633789062,150.58999633789062,150.9499969482422,150.30999755859375,150.60000610351562,1110007,2024-10-30 10:15:00+00:00,279
150.14999389648438,150.14999389648438,150.60000610351562,150.07000732421875,150.58999633789062,646381,2024-10-30 10:30:00+00:00,280
150.2899932861328,150.2899932861328,150.52999877929688,150.02000427246094,150.14999389648438,644246,2024-10-30 10:45:00+00:00,281
150.4499969482422,150.4499969482422,150.4499969482422,150.19000244140625,150.2899932861328,405732,2024-10-30 11:00:00+00:00,282
150.25,150.25,150.5500030517578,150.13999938964844,150.4499969482422,595757,2024-10-30 11:15:00+00:00,283
150.42999267578125,150.42999267578125,150.4499969482422,150.19000244140625,150.30999755859375,394191,2024-10-30 11:30:00+00:00,284
150.19000244140625,150.19000244140625,150.42999267578125,150.0,150.42999267578125,524973,2024-10-30 11:45:00+00:00,285
149.9499969482422,149.9499969482422,150.19000244140625,149.6199951171875,150.17999267578125,602118,2024-10-30 12:00:00+00:00,286
149.8000030517578,149.8000030517578,150.0,149.60000610351562,149.89999389648438,655097,2024-10-30 12:15:00+00:00,287
149.94000244140625,149.94000244140625,149.97999572753906,149.75999450683594,149.77999877929688,375019,2024-10-30 12:30:00+00:00,288
150.13999938964844,150.13999938964844,150.25,149.91000366210938,149.94000244140625,411485,2024-10-30 12:45:00+00:00,289
150.0,150.0,150.49000549316406,149.89999389648438,150.25,651503,2024-10-30 13:00:00+00:00,290
149.72999572753906,149.72999572753906,150.0399932861328,149.52000427246094,150.0,684094,2024-10-30 13:15:00+00:00,291
149.4600067138672,149.4600067138672,149.94000244140625,149.35000610351562,149.72000122070312,643807,2024-10-30 13:30:00+00:00,292
149.52999877929688,149.52999877929688,149.77999877929688,149.4499969482422,149.49000549316406,435511,2024-10-30 13:45:00+00:00,293
149.27999877929688,149.27999877929688,149.6999969482422,149.1999969482422,149.5800018310547,617851,2024-10-30 14:00:00+00:00,294
149.58999633789062,149.58999633789062,149.60000610351562,149.0800018310547,149.1300048828125,507487,2024-10-30 14:15:00+00:00,295
149.39999389648438,149.39999389648438,149.60000610351562,149.22000122070312,149.58999633789062,465130,2024-10-30 14:30:00+00:00,296
149.30999755859375,149.30999755859375,149.49000549316406,149.24000549316406,149.39999389648438,480196,2024-10-30 14:45:00+00:00,297
148.9600067138672,148.9600067138672,149.3699951171875,148.8800048828125,149.30999755859375,1875550,2024-10-30 15:00:00+00:00,298
148.85000610351562,148.85000610351562,149.00999450683594,148.6999969482422,148.97999572753906,1644238,2024-10-30 15:15:00+00:00,299
148.8699951171875,148.8699951171875,149.39999389648438,148.22000122070312,149.19000244140625,929097,2024-10-31 09:15:00+00:00,300
149.17999267578125,149.17999267578125,149.3000030517578,148.8000030517578,148.80999755859375,1177434,2024-10-31 09:30:00+00:00,301
149.5,149.5,149.89999389648438,149.19000244140625,149.19000244140625,1210817,2024-10-31 09:45:00+00:00,302
149.4499969482422,149.4499969482422,149.69000244140625,149.0500030517578,149.49000549316406,857355,2024-10-31 10:00:00+00:00,303
149.4600067138672,149.4600067138672,149.5,149.17999267578125,149.41000366210938,518630,2024-10-31 10:15:00+00:00,304
149.36000061035156,149.36000061035156,149.55999755859375,149.25999450683594,149.4600067138672,419823,2024-10-31 10:30:00+00:00,305
149.4499969482422,149.4499969482422,149.5,149.25,149.36000061035156,492191,2024-10-31 10:45:00+00:00,306
149.22999572753906,149.22999572753906,149.9499969482422,149.22999572753906,149.4600067138672,990514,2024-10-31 11:00:00+00:00,307
149.0,149.0,149.4499969482422,149.0,149.3000030517578,1040771,2024-10-31 11:15:00+00:00,308
148.83999633789062,148.83999633789062,149.02999877929688,148.63999938964844,148.97000122070312,763918,2024-10-31 11:30:00+00:00,309
148.86000061035156,148.86000061035156,149.1199951171875,148.8000030517578,148.89999389648438,747633,2024-10-31 11:45:00+00:00,310
148.9199981689453,148.9199981689453,149.10000610351562,148.6999969482422,148.86000061035156,679216,2024-10-31 12:00:00+00:00,311
149.3000030517578,149.3000030517578,149.3000030517578,148.8000030517578,148.91000366210938,531140,2024-10-31 12:15:00+00:00,312
149.1199951171875,149.1199951171875,149.5,149.0399932861328,149.27000427246094,590214,2024-10-31 12:30:00+00:00,313
149.02000427246094,149.02000427246094,149.27000427246094,148.89999389648438,149.1199951171875,505634,2024-10-31 12:45:00+00:00,314
148.9499969482422,148.9499969482422,149.1199951171875,148.83999633789062,149.0399932861328,456288,2024-10-31 13:00:00+00:00,315
148.4499969482422,148.4499969482422,148.9499969482422,148.39999389648438,148.94000244140625,828547,2024-10-31 13:15:00+00:00,316
148.58999633789062,148.58999633789062,148.63999938964844,148.3000030517578,148.4499969482422,717398,2024-10-31 13:30:00+00:00,317
148.5,148.5,148.74000549316406,148.47000122070312,148.5800018310547,517224,2024-10-31 13:45:00+00:00,318
148.41000366210938,148.41000366210938,148.64999389648438,148.25,148.5,743702,2024-10-31 14:00:00+00:00,319
148.5,148.5,148.57000732421875,148.33999633789062,148.41000366210938,909220,2024-10-31 14:15:00+00:00,320
148.9199981689453,148.9199981689453,149.0399932861328,148.32000732421875,148.52000427246094,1489735,2024-10-31 14:30:00+00:00,321
148.8000030517578,148.8000030517578,148.9499969482422,148.72000122070312,148.8699951171875,1405927,2024-10-31 14:45:00+00:00,322
148.72000122070312,148.72000122070312,148.9199981689453,148.57000732421875,148.8000030517578,3168903,2024-10-31 15:00:00+00:00,323
148.35000610351562,148.35000610351562,148.72999572753906,148.25,148.72999572753906,3875429,2024-10-31 15:15:00+00:00,324
147.9499969482422,147.9499969482422,150.0,147.92999267578125,149.88999938964844,1670064,2024-11-04 09:15:00+00:00,325
148.17999267578125,148.17999267578125,148.35000610351562,147.5800018310547,147.9199981689453,1322076,2024-11-04 09:30:00+00:00,326
147.69000244140625,147.69000244140625,148.1199951171875,147.1999969482422,148.11000061035156,1240287,2024-11-04 09:45:00+00:00,327
146.99000549316406,146.99000549316406,147.7899932861328,146.74000549316406,147.63999938964844,1335622,2024-11-04 10:00:00+00:00,328
146.5500030517578,146.5500030517578,147.14999389648438,146.5,147.0399932861328,1009821,2024-11-04 10:15:00+00:00,329
146.39999389648438,146.39999389648438,146.92999267578125,146.3000030517578,146.5500030517578,848311,2024-11-04 10:30:00+00:00,330
145.77999877929688,145.77999877929688,146.55999755859375,145.75,146.39999389648438,1302824,2024-11-04 10:45:00+00:00,331
145.5500030517578,145.5500030517578,145.85000610351562,145.3000030517578,145.77000427246094,1292722,2024-11-04 11:00:00+00:00,332
145.58999633789062,145.58999633789062,146.02000427246094,145.11000061035156,145.5500030517578,1118898,2024-11-04 11:15:00+00:00,333
145.8800048828125,145.8800048828125,146.0,145.39999389648438,145.58999633789062,980209,2024-11-04 11:30:00+00:00,334
146.25,146.25,146.2899932861328,145.6999969482422,145.8300018310547,676411,2024-11-04 11:45:00+00:00,335
146.5800018310547,146.5800018310547,146.74000549316406,146.22000122070312,146.27000427246094,919542,2024-11-04 12:00:00+00:00,336
146.1300048828125,146.1300048828125,146.6999969482422,146.10000610351562,146.5,611664,2024-11-04 12:15:00+00:00,337
146.38999938964844,146.38999938964844,146.5500030517578,146.0,146.1199951171875,701732,2024-11-04 12:30:00+00:00,338
146.0800018310547,146.0800018310547,146.41000366210938,146.05999755859375,146.38999938964844,549416,2024-11-04 12:45:00+00:00,339
146.47999572753906,146.47999572753906,146.60000610351562,146.07000732421875,146.07000732421875,678166,2024-11-04 13:00:00+00:00,340
146.16000366210938,146.16000366210938,146.57000732421875,146.0500030517578,146.47000122070312,654641,2024-11-04 13:15:00+00:00,341
146.3800048828125,146.3800048828125,146.5,146.10000610351562,146.16000366210938,600807,2024-11-04 13:30:00+00:00,342
146.66000366210938,146.66000366210938,146.74000549316406,146.3699951171875,146.3800048828125,591886,2024-11-04 13:45:00+00:00,343
146.85000610351562,146.85000610351562,146.89999389648438,146.5,146.69000244140625,593953,2024-11-04 14:00:00+00:00,344
146.5500030517578,146.5500030517578,146.89999389648438,146.52000427246094,146.88999938964844,506445,2024-11-04 14:15:00+00:00,345
146.86000061035156,146.86000061035156,147.0800018310547,146.58999633789062,146.58999633789062,684735,2024-11-04 14:30:00+00:00,346
146.9600067138672,146.9600067138672,147.1999969482422,146.75999450683594,146.86000061035156,641991,2024-11-04 14:45:00+00:00,347
147.0,147.0,147.27999877929688,146.60000610351562,147.0399932861328,1693574,2024-11-04 15:00:00+00:00,348
147.07000732421875,147.07000732421875,147.10000610351562,146.83999633789062,146.9499969482422,1706023,2024-11-04 15:15:00+00:00,349
149.2100067138672,149.2100067138672,149.69000244140625,147.02999877929688,147.02999877929688,1859799,2024-11-05 09:15:00+00:00,350
149.4600067138672,149.4600067138672,150.19000244140625,149.0500030517578,149.1699981689453,4923092,2024-11-05 09:30:00+00:00,351
150.3699951171875,150.3699951171875,150.57000732421875,148.9199981689453,149.44000244140625,3230220,2024-11-05 09:45:00+00:00,352
150.17999267578125,150.17999267578125,150.5399932861328,150.02000427246094,150.38999938964844,1654630,2024-11-05 10:00:00+00:00,353
150.27999877929688,150.27999877929688,150.5,149.77000427246094,150.1699981689453,1307357,2024-11-05 10:15:00+00:00,354
150.1999969482422,150.1999969482422,150.57000732421875,149.89999389648438,150.27999877929688,1093119,2024-11-05 10:30:00+00:00,355
150.41000366210938,150.41000366210938,150.67999267578125,150.07000732421875,150.16000366210938,1102352,2024-11-05 10:45:00+00:00,356
150.85000610351562,150.85000610351562,150.85000610351562,150.39999389648438,150.41000366210938,1015377,2024-11-05 11:00:00+00:00,357
150.05999755859375,150.05999755859375,150.99000549316406,150.05999755859375,150.80999755859375,1370142,2024-11-05 11:15:00+00:00,358
149.74000549316406,149.74000549316406,150.3000030517578,149.69000244140625,150.07000732421875,1063783,2024-11-05 11:30:00+00:00,359
149.75999450683594,149.75999450683594,149.9199981689453,149.36000061035156,149.74000549316406,931349,2024-11-05 11:45:00+00:00,360
150.14999389648438,150.14999389648438,150.19000244140625,149.6999969482422,149.7100067138672,723891,2024-11-05 12:00:00+00:00,361
150.3699951171875,150.3699951171875,150.4499969482422,150.07000732421875,150.14999389648438,727445,2024-11-05 12:15:00+00:00,362
150.67999267578125,150.67999267578125,150.69000244140625,150.3000030517578,150.30999755859375,1165368,2024-11-05 12:30:00+00:00,363
151.00999450683594,151.00999450683594,151.64999389648438,150.6699981689453,150.6699981689453,2794970,2024-11-05 12:45:00+00:00,364
150.6999969482422,150.6999969482422,151.1999969482422,150.60000610351562,151.05999755859375,1022079,2024-11-05 13:00:00+00:00,365
151.19000244140625,151.19000244140625,151.19000244140625,150.5,150.72999572753906,1111593,2024-11-05 13:15:00+00:00,366
151.38999938964844,151.38999938964844,151.47999572753906,150.92999267578125,151.27000427246094,1128528,2024-11-05 13:30:00+00:00,367
151.52000427246094,151.52000427246094,151.60000610351562,151.25999450683594,151.33999633789062,1042703,2024-11-05 13:45:00+00:00,368
151.49000549316406,151.49000549316406,151.89999389648438,151.42999267578125,151.47999572753906,1551143,2024-11-05 14:00:00+00:00,369
151.6999969482422,151.6999969482422,151.75,151.4499969482422,151.4499969482422,801442,2024-11-05 14:15:00+00:00,370
152.3000030517578,152.3000030517578,152.47999572753906,151.49000549316406,151.6999969482422,2744232,2024-11-05 14:30:00+00:00,371
152.14999389648438,152.14999389648438,152.39999389648438,151.9499969482422,152.35000610351562,1473431,2024-11-05 14:45:00+00:00,372
152.24000549316406,152.24000549316406,152.3800048828125,151.97000122070312,152.1300048828125,1813513,2024-11-05 15:00:00+00:00,373
152.4499969482422,152.4499969482422,152.5399932861328,152.02999877929688,152.27999877929688,3358009,2024-11-05 15:15:00+00:00,374
150.89999389648438,150.89999389648438,153.89999389648438,149.6999969482422,153.89999389648438,4179624,2024-11-06 09:15:00+00:00,375
150.10000610351562,150.10000610351562,150.99000549316406,149.75,150.86000061035156,3667240,2024-11-06 09:30:00+00:00,376
150.5,150.5,150.72999572753906,149.94000244140625,150.10000610351562,2044426,2024-11-06 09:45:00+00:00,377
151.17999267578125,151.17999267578125,151.57000732421875,150.5,150.52999877929688,3205637,2024-11-06 10:00:00+00:00,378
150.52000427246094,150.52000427246094,151.33999633789062,150.41000366210938,151.17999267578125,1390131,2024-11-06 10:15:00+00:00,379
150.0500030517578,150.0500030517578,150.52000427246094,150.0,150.5,1562350,2024-11-06 10:30:00+00:00,380
150.14999389648438,150.14999389648438,150.5,149.9499969482422,150.0,1463642,2024-11-06 10:45:00+00:00,381
150.5,150.5,150.63999938964844,150.1199951171875,150.14999389648438,964944,2024-11-06 11:00:00+00:00,382
150.63999938964844,150.63999938964844,150.8000030517578,150.32000732421875,150.5,796460,2024-11-06 11:15:00+00:00,383
150.94000244140625,150.94000244140625,151.10000610351562,150.58999633789062,150.63999938964844,1024881,2024-11-06 11:30:00+00:00,384
151.47000122070312,151.47000122070312,151.55999755859375,150.8800048828125,150.88999938964844,1552350,2024-11-06 11:45:00+00:00,385
151.52999877929688,151.52999877929688,151.67999267578125,151.41000366210938,151.42999267578125,1309020,2024-11-06 12:00:00+00:00,386
151.5,151.5,151.75,151.27999877929688,151.55999755859375,951139,2024-11-06 12:15:00+00:00,387
151.9499969482422,151.9499969482422,152.0500030517578,151.4499969482422,151.5,1763063,2024-11-06 12:30:00+00:00,388
152.2899932861328,152.2899932861328,152.3300018310547,151.9199981689453,151.94000244140625,1158404,2024-11-06 12:45:00+00:00,389
153.2899932861328,153.2899932861328,153.5500030517578,152.27000427246094,152.2899932861328,3004174,2024-11-06 13:00:00+00:00,390
153.11000061035156,153.11000061035156,153.63999938964844,153.0399932861328,153.2899932861328,2114292,2024-11-06 13:15:00+00:00,391
152.88999938964844,152.88999938964844,153.1999969482422,152.66000366210938,153.05999755859375,1854888,2024-11-06 13:30:00+00:00,392
153.0399932861328,153.0399932861328,153.14999389648438,152.7100067138672,152.85000610351562,753057,2024-11-06 13:45:00+00:00,393
152.8000030517578,152.8000030517578,153.10000610351562,152.52000427246094,153.02000427246094,1038571,2024-11-06 14:00:00+00:00,394
153.5,153.5,153.6199951171875,152.69000244140625,152.82000732421875,1488409,2024-11-06 14:15:00+00:00,395
153.13999938964844,153.13999938964844,153.6999969482422,153.0,153.49000549316406,1715505,2024-11-06 14:30:00+00:00,396
153.52999877929688,153.52999877929688,153.60000610351562,152.89999389648438,153.07000732421875,1105110,2024-11-06 14:45:00+00:00,397
153.47000122070312,153.47000122070312,153.72999572753906,153.32000732421875,153.55999755859375,1793845,2024-11-06 15:00:00+00:00,398
154.0,154.0,154.0,153.42999267578125,153.47000122070312,2344968,2024-11-06 15:15:00+00:00,399
155.47000122070312,155.47000122070312,156.38999938964844,154.6999969482422,155.9199981689453,6932997,2024-11-07 09:15:00+00:00,400
155.85000610351562,155.85000610351562,156.14999389648438,154.91000366210938,155.5,5384017,2024-11-07 09:30:00+00:00,401
155.19000244140625,155.19000244140625,156.0,155.0500030517578,155.83999633789062,2529414,2024-11-07 09:45:00+00:00,402
156.3699951171875,156.3699951171875,156.42999267578125,154.8000030517578,155.17999267578125,5282701,2024-11-07 10:00:00+00:00,403
155.72999572753906,155.72999572753906,156.35000610351562,155.72999572753906,156.3000030517578,2025329,2024-11-07 10:15:00+00:00,404
155.14999389648438,155.14999389648438,155.72999572753906,154.55999755859375,155.72000122070312,3480479,2024-11-07 10:30:00+00:00,405
155.47999572753906,155.47999572753906,155.92999267578125,155.08999633789062,155.11000061035156,1936773,2024-11-07 10:45:00+00:00,406
155.3300018310547,155.3300018310547,155.58999633789062,154.97000122070312,155.4600067138672,1197311,2024-11-07 11:00:00+00:00,407
155.0500030517578,155.0500030517578,155.35000610351562,155.0,155.3000030517578,705195,2024-11-07 11:15:00+00:00,408
154.9600067138672,154.9600067138672,155.1199951171875,154.8300018310547,155.0500030517578,883319,2024-11-07 11:30:00+00:00,409
154.07000732421875,154.07000732421875,155.0,154.0399932861328,154.75999450683594,2721354,2024-11-07 11:45:00+00:00,410
154.05999755859375,154.05999755859375,154.3699951171875,153.8000030517578,154.10000610351562,2152330,2024-11-07 12:00:00+00:00,411
154.11000061035156,154.11000061035156,154.42999267578125,153.9499969482422,154.08999633789062,1205147,2024-11-07 12:15:00+00:00,412
154.47000122070312,154.47000122070312,154.49000549316406,154.10000610351562,154.14999389648438,1076415,2024-11-07 12:30:00+00:00,413
154.05999755859375,154.05999755859375,154.5,154.0,154.4499969482422,604093,2024-11-07 12:45:00+00:00,414
151.9199981689453,151.9199981689453,154.08999633789062,151.63999938964844,154.02000427246094,6191129,2024-11-07 13:00:00+00:00,415
150.97999572753906,150.97999572753906,152.05999755859375,150.24000549316406,151.9499969482422,6102077,2024-11-07 13:15:00+00:00,416
151.41000366210938,151.41000366210938,151.77999877929688,150.64999389648438,150.91000366210938,3215923,2024-11-07 13:30:00+00:00,417
151.08999633789062,151.08999633789062,151.92999267578125,151.02000427246094,151.39999389648438,2795452,2024-11-07 13:45:00+00:00,418
151.49000549316406,151.49000549316406,151.64999389648438,150.60000610351562,151.08999633789062,2922701,2024-11-07 14:00:00+00:00,419
151.0500030517578,151.0500030517578,151.5500030517578,150.6699981689453,151.47999572753906,2845569,2024-11-07 14:15:00+00:00,420
151.0500030517578,151.0500030517578,151.1699981689453,150.72999572753906,151.02000427246094,2035278,2024-11-07 14:30:00+00:00,421
150.92999267578125,150.92999267578125,151.13999938964844,150.72000122070312,151.10000610351562,2337131,2024-11-07 14:45:00+00:00,422
150.74000549316406,150.74000549316406,151.2100067138672,150.6199951171875,150.92999267578125,4202542,2024-11-07 15:00:00+00:00,423
151.1999969482422,151.1999969482422,151.38999938964844,150.72000122070312,150.75,7858703,2024-11-07 15:15:00+00:00,424
151.0500030517578,151.0500030517578,151.75999450683594,149.0800018310547,151.4600067138672,5376012,2024-11-08 09:15:00+00:00,425
150.60000610351562,150.60000610351562,151.49000549316406,149.75,151.0800018310547,4092280,2024-11-08 09:30:00+00:00,426
150.41000366210938,150.41000366210938,151.1699981689453,150.0,150.5500030517578,2268277,2024-11-08 09:45:00+00:00,427
150.5500030517578,150.5500030517578,150.60000610351562,149.9499969482422,150.4199981689453,1201554,2024-11-08 10:00:00+00:00,428
150.24000549316406,150.24000549316406,150.64999389648438,150.16000366210938,150.5399932861328,859890,2024-11-08 10:15:00+00:00,429
150.61000061035156,150.61000061035156,150.75,150.0,150.24000549316406,1874248,2024-11-08 10:30:00+00:00,430
150.57000732421875,150.57000732421875,150.8000030517578,150.33999633789062,150.60000610351562,2362584,2024-11-08 10:45:00+00:00,431
150.39999389648438,150.39999389648438,150.57000732421875,150.25,150.52999877929688,746784,2024-11-08 11:00:00+00:00,432
150.22999572753906,150.22999572753906,150.4499969482422,150.0,150.39999389648438,699297,2024-11-08 11:15:00+00:00,433
150.19000244140625,150.19000244140625,150.25,150.07000732421875,150.22999572753906,407839,2024-11-08 11:30:00+00:00,434
150.25,150.25,150.3800048828125,150.10000610351562,150.19000244140625,1473534,2024-11-08 11:45:00+00:00,435
149.92999267578125,149.92999267578125,150.1999969482422,149.72999572753906,150.1999969482422,1319704,2024-11-08 12:00:00+00:00,436
149.6699981689453,149.6699981689453,150.1699981689453,149.61000061035156,149.97999572753906,1530402,2024-11-08 12:15:00+00:00,437
149.82000732421875,149.82000732421875,149.85000610351562,149.4600067138672,149.6699981689453,1101544,2024-11-08 12:30:00+00:00,438
149.9199981689453,149.9199981689453,149.9499969482422,149.60000610351562,149.77999877929688,732905,2024-11-08 12:45:00+00:00,439
150.2100067138672,150.2100067138672,150.3699951171875,149.6999969482422,149.94000244140625,1484221,2024-11-08 13:00:00+00:00,440
150.49000549316406,150.49000549316406,150.5,150.0399932861328,150.22999572753906,759798,2024-11-08 13:15:00+00:00,441
148.49000549316406,148.49000549316406,150.60000610351562,148.1699981689453,150.55999755859375,3447145,2024-11-08 13:30:00+00:00,442
148.50999450683594,148.50999450683594,148.58999633789062,147.83999633789062,148.42999267578125,2550231,2024-11-08 13:45:00+00:00,443
147.82000732421875,147.82000732421875,148.75,147.8000030517578,148.5,1659352,2024-11-08 14:00:00+00:00,444
147.6999969482422,147.6999969482422,147.99000549316406,147.4199981689453,147.80999755859375,2152541,2024-11-08 14:15:00+00:00,445
149.3000030517578,149.3000030517578,149.32000732421875,147.27000427246094,147.6999969482422,3440494,2024-11-08 14:30:00+00:00,446
148.22000122070312,148.22000122070312,149.25999450683594,148.1199951171875,149.25,2228011,2024-11-08 14:45:00+00:00,447
148.0399932861328,148.0399932861328,148.5,147.8000030517578,148.24000549316406,5295482,2024-11-08 15:00:00+00:00,448
147.39999389648438,147.39999389648438,148.13999938964844,146.9499969482422,148.0500030517578,9727980,2024-11-08 15:15:00+00:00,449
146.27999877929688,146.27999877929688,147.55999755859375,145.88999938964844,147.55999755859375,3902447,2024-11-11 09:15:00+00:00,450
145.8000030517578,145.8000030517578,146.6300048828125,144.86000061035156,146.3300018310547,5236247,2024-11-11 09:30:00+00:00,451
145.89999389648438,145.89999389648438,146.35000610351562,145.32000732421875,145.8000030517578,2083734,2024-11-11 09:45:00+00:00,452
145.58999633789062,145.58999633789062,145.97999572753906,145.3699951171875,145.94000244140625,1224954,2024-11-11 10:00:00+00:00,453
146.1999969482422,146.1999969482422,146.27000427246094,145.13999938964844,145.58999633789062,1834578,2024-11-11 10:15:00+00:00,454
145.66000366210938,145.66000366210938,146.3800048828125,145.61000061035156,146.2100067138672,1323822,2024-11-11 10:30:00+00:00,455
146.0,146.0,146.14999389648438,145.60000610351562,145.6300048828125,1136252,2024-11-11 10:45:00+00:00,456
146.11000061035156,146.11000061035156,146.3800048828125,145.9199981689453,146.02999877929688,1435060,2024-11-11 11:00:00+00:00,457
145.8300018310547,145.8300018310547,146.19000244140625,145.6999969482422,146.10000610351562,1101098,2024-11-11 11:15:00+00:00,458
146.08999633789062,146.08999633789062,146.1300048828125,145.8000030517578,145.8000030517578,842766,2024-11-11 11:30:00+00:00,459
145.91000366210938,145.91000366210938,146.3000030517578,145.80999755859375,146.0800018310547,1469067,2024-11-11 11:45:00+00:00,460
145.67999267578125,145.67999267578125,146.0,145.52000427246094,145.9199981689453,1410920,2024-11-11 12:00:00+00:00,461
145.52000427246094,145.52000427246094,145.75999450683594,145.27000427246094,145.72999572753906,1211443,2024-11-11 12:15:00+00:00,462
145.5800018310547,145.5800018310547,145.60000610351562,145.3000030517578,145.50999450683594,727702,2024-11-11 12:30:00+00:00,463
145.5500030517578,145.5500030517578,145.7899932861328,145.39999389648438,145.5800018310547,659383,2024-11-11 12:45:00+00:00,464
145.5399932861328,145.5399932861328,145.64999389648438,145.39999389648438,145.50999450683594,658199,2024-11-11 13:00:00+00:00,465
145.5,145.5,145.57000732421875,145.10000610351562,145.5399932861328,1417193,2024-11-11 13:15:00+00:00,466
145.0500030517578,145.0500030517578,145.64999389648438,145.02000427246094,145.52999877929688,1413177,2024-11-11 13:30:00+00:00,467
145.14999389648438,145.14999389648438,145.24000549316406,144.8000030517578,145.0500030517578,2138238,2024-11-11 13:45:00+00:00,468
144.3000030517578,144.3000030517578,145.19000244140625,144.22999572753906,145.10000610351562,2742700,2024-11-11 14:00:00+00:00,469
144.83999633789062,144.83999633789062,144.8699951171875,144.10000610351562,144.2899932861328,2370453,2024-11-11 14:15:00+00:00,470
145.13999938964844,145.13999938964844,145.3699951171875,144.8000030517578,144.85000610351562,1693657,2024-11-11 14:30:00+00:00,471
145.10000610351562,145.10000610351562,145.25,144.97000122070312,145.17999267578125,1105541,2024-11-11 14:45:00+00:00,472
145.0399932861328,145.0399932861328,145.1699981689453,144.5800018310547,145.11000061035156,1901423,2024-11-11 15:00:00+00:00,473
145.2899932861328,145.2899932861328,145.47000122070312,144.8300018310547,145.0399932861328,3039600,2024-11-11 15:15:00+00:00,474
146.19000244140625,146.19000244140625,146.6300048828125,145.75,145.83999633789062,1204143,2024-11-12 09:15:00+00:00,475
145.94000244140625,145.94000244140625,146.35000610351562,145.80999755859375,146.2100067138672,1489248,2024-11-12 09:30:00+00:00,476
146.1300048828125,146.1300048828125,146.24000549316406,145.25,145.9600067138672,1973611,2024-11-12 09:45:00+00:00,477
145.92999267578125,145.92999267578125,146.22999572753906,145.52999877929688,146.16000366210938,881664,2024-11-12 10:00:00+00:00,478
146.6999969482422,146.6999969482422,146.6999969482422,145.85000610351562,145.92999267578125,1452549,2024-11-12 10:15:00+00:00,479
146.60000610351562,146.60000610351562,146.9199981689453,146.3000030517578,146.6699981689453,1325626,2024-11-12 10:30:00+00:00,480
146.6199951171875,146.6199951171875,146.7100067138672,146.30999755859375,146.57000732421875,655699,2024-11-12 10:45:00+00:00,481
146.74000549316406,146.74000549316406,147.11000061035156,146.5,146.6199951171875,1073525,2024-11-12 11:00:00+00:00,482
146.5800018310547,146.5800018310547,146.82000732421875,146.41000366210938,146.6999969482422,599498,2024-11-12 11:15:00+00:00,483
146.5,146.5,146.9499969482422,146.39999389648438,146.60000610351562,441339,2024-11-12 11:30:00+00:00,484
146.27999877929688,146.27999877929688,146.66000366210938,146.2100067138672,146.49000549316406,655172,2024-11-12 11:45:00+00:00,485
145.5,145.5,146.3000030517578,145.41000366210938,146.27999877929688,1219106,2024-11-12 12:00:00+00:00,486
145.77000427246094,145.77000427246094,145.8000030517578,145.4499969482422,145.5,763495,2024-11-12 12:15:00+00:00,487
145.47999572753906,145.47999572753906,145.7899932861328,145.39999389648438,145.75999450683594,593652,2024-11-12 12:30:00+00:00,488
145.22000122070312,145.22000122070312,145.5,145.1999969482422,145.47999572753906,870599,2024-11-12 12:45:00+00:00,489
144.9199981689453,144.9199981689453,145.49000549316406,144.8000030517578,145.25,1360189,2024-11-12 13:00:00+00:00,490
145.0399932861328,145.0399932861328,145.11000061035156,144.6999969482422,144.9199981689453,800485,2024-11-12 13:15:00+00:00,491
144.66000366210938,144.66000366210938,145.0399932861328,144.41000366210938,145.0399932861328,910790,2024-11-12 13:30:00+00:00,492
145.0500030517578,145.0500030517578,145.35000610351562,144.6300048828125,144.69000244140625,826310,2024-11-12 13:45:00+00:00,493
144.97999572753906,144.97999572753906,145.17999267578125,144.8800048828125,145.0500030517578,741395,2024-11-12 14:00:00+00:00,494
144.97999572753906,144.97999572753906,145.1999969482422,144.7100067138672,145.0,640322,2024-11-12 14:15:00+00:00,495
145.07000732421875,145.07000732421875,145.66000366210938,144.9499969482422,144.97999572753906,1010593,2024-11-12 14:30:00+00:00,496
144.8000030517578,144.8000030517578,145.1999969482422,144.8000030517578,145.10000610351562,824363,2024-11-12 14:45:00+00:00,497
144.0,144.0,144.9199981689453,144.0,144.8000030517578,2300915,2024-11-12 15:00:00+00:00,498
143.89999389648438,143.89999389648438,144.19000244140625,143.60000610351562,144.0,2362421,2024-11-12 15:15:00+00:00,499
141.74000549316406,141.74000549316406,143.5500030517578,141.74000549316406,143.5,3233059,2024-11-13 09:15:00+00:00,500
140.6999969482422,140.6999969482422,142.3699951171875,140.6699981689453,141.7100067138672,2975901,2024-11-13 09:30:00+00:00,501
141.3000030517578,141.3000030517578,141.47000122070312,140.10000610351562,140.72000122070312,2846205,2024-11-13 09:45:00+00:00,502
140.60000610351562,140.60000610351562,141.39999389648438,140.5500030517578,141.3000030517578,2044273,2024-11-13 10:00:00+00:00,503
141.14999389648438,141.14999389648438,141.22999572753906,140.35000610351562,140.5800018310547,2707846,2024-11-13 10:15:00+00:00,504
140.58999633789062,140.58999633789062,141.47000122070312,140.5,141.14999389648438,1227729,2024-11-13 10:30:00+00:00,505
141.0500030517578,141.0500030517578,141.42999267578125,140.50999450683594,140.58999633789062,1079303,2024-11-13 10:45:00+00:00,506
140.33999633789062,140.33999633789062,141.1999969482422,140.14999389648438,141.0500030517578,1743791,2024-11-13 11:00:00+00:00,507
139.97000122070312,139.97000122070312,140.50999450683594,139.9199981689453,140.33999633789062,3095986,2024-11-13 11:15:00+00:00,508
139.6699981689453,139.6699981689453,140.1699981689453,139.61000061035156,139.97000122070312,1495022,2024-11-13 11:30:00+00:00,509
139.8000030517578,139.8000030517578,139.92999267578125,139.55999755859375,139.6300048828125,870954,2024-11-13 11:45:00+00:00,510
139.41000366210938,139.41000366210938,140.07000732421875,139.16000366210938,139.8000030517578,1873691,2024-11-13 12:00:00+00:00,511
139.75,139.75,140.0500030517578,139.35000610351562,139.41000366210938,2133634,2024-11-13 12:15:00+00:00,512
139.58999633789062,139.58999633789062,140.0,139.5399932861328,139.75,918221,2024-11-13 12:30:00+00:00,513
139.27000427246094,139.27000427246094,139.6999969482422,139.1699981689453,139.5500030517578,1321618,2024-11-13 12:45:00+00:00,514
139.44000244140625,139.44000244140625,139.61000061035156,139.0399932861328,139.3000030517578,1502511,2024-11-13 13:00:00+00:00,515
139.0500030517578,139.0500030517578,139.5500030517578,139.0,139.44000244140625,1792938,2024-11-13 13:15:00+00:00,516
139.39999389648438,139.39999389648438,139.39999389648438,138.86000061035156,139.07000732421875,1519346,2024-11-13 13:30:00+00:00,517
139.42999267578125,139.42999267578125,139.72999572753906,139.3699951171875,139.39999389648438,1434509,2024-11-13 13:45:00+00:00,518
139.25999450683594,139.25999450683594,139.5800018310547,139.14999389648438,139.47999572753906,1648347,2024-11-13 14:00:00+00:00,519
138.7100067138672,138.7100067138672,139.27999877929688,138.6999969482422,139.27999877929688,2574049,2024-11-13 14:15:00+00:00,520
138.8800048828125,138.8800048828125,139.0,138.61000061035156,138.7100067138672,2476440,2024-11-13 14:30:00+00:00,521
138.97000122070312,138.97000122070312,139.27999877929688,138.86000061035156,138.88999938964844,2862887,2024-11-13 14:45:00+00:00,522
139.0,139.0,139.25,138.75999450683594,139.0399932861328,4150152,2024-11-13 15:00:00+00:00,523
139.69000244140625,139.69000244140625,139.97999572753906,138.86000061035156,139.0,6007340,2024-11-13 15:15:00+00:00,524
139.27999877929688,139.27999877929688,140.6999969482422,139.1699981689453,139.7100067138672,2743614,2024-11-14 09:15:00+00:00,525
139.60000610351562,139.60000610351562,139.9499969482422,138.89999389648438,139.3000030517578,2053888,2024-11-14 09:30:00+00:00,526
140.0,140.0,140.1300048828125,139.07000732421875,139.6300048828125,1300564,2024-11-14 09:45:00+00:00,527
140.14999389648438,140.14999389648438,140.57000732421875,139.9499969482422,140.00999450683594,1461902,2024-11-14 10:00:00+00:00,528
139.35000610351562,139.35000610351562,140.24000549316406,139.32000732421875,140.14999389648438,1328352,2024-11-14 10:15:00+00:00,529
139.4499969482422,139.4499969482422,139.74000549316406,139.1999969482422,139.3000030517578,774647,2024-11-14 10:30:00+00:00,530
138.97000122070312,138.97000122070312,139.5,138.80999755859375,139.5,2040861,2024-11-14 10:45:00+00:00,531
138.5,138.5,139.08999633789062,138.5,138.94000244140625,1037272,2024-11-14 11:00:00+00:00,532
138.10000610351562,138.10000610351562,138.4199981689453,138.0,138.25,1710840,2024-11-14 11:15:00+00:00,533
138.22000122070312,138.22000122070312,138.5800018310547,138.05999755859375,138.13999938964844,1062852,2024-11-14 11:30:00+00:00,534
138.4499969482422,138.4499969482422,138.47999572753906,138.13999938964844,138.2100067138672,745479,2024-11-14 11:45:00+00:00,535
138.7899932861328,138.7899932861328,138.8000030517578,138.1999969482422,138.41000366210938,694586,2024-11-14 12:00:00+00:00,536
138.25999450683594,138.25999450683594,138.7899932861328,138.1699981689453,138.7899932861328,760092,2024-11-14 12:15:00+00:00,537
138.27000427246094,138.27000427246094,138.35000610351562,138.2100067138672,138.25999450683594,398970,2024-11-14 12:30:00+00:00,538
138.3300018310547,138.3300018310547,138.6300048828125,138.14999389648438,138.14999389648438,1131958,2024-11-14 12:45:00+00:00,539
138.67999267578125,138.67999267578125,138.77999877929688,138.30999755859375,138.3300018310547,728372,2024-11-14 13:00:00+00:00,540
138.66000366210938,138.66000366210938,138.80999755859375,138.5,138.61000061035156,559614,2024-11-14 13:15:00+00:00,541
138.13999938964844,138.13999938964844,138.66000366210938,138.0500030517578,138.66000366210938,978616,2024-11-14 13:30:00+00:00,542
137.74000549316406,137.74000549316406,138.22999572753906,137.6999969482422,138.10000610351562,1689509,2024-11-14 13:45:00+00:00,543
137.8699951171875,137.8699951171875,138.02000427246094,137.58999633789062,137.77000427246094,1014638,2024-11-14 14:00:00+00:00,544
137.55999755859375,137.55999755859375,137.94000244140625,137.5,137.8699951171875,718901,2024-11-14 14:15:00+00:00,545
137.8000030517578,137.8000030517578,138.07000732421875,137.5,137.55999755859375,1112651,2024-11-14 14:30:00+00:00,546
137.9499969482422,137.9499969482422,137.9499969482422,137.64999389648438,137.8000030517578,1256087,2024-11-14 14:45:00+00:00,547
138.0500030517578,138.0500030517578,138.13999938964844,137.69000244140625,137.9499969482422,3047822,2024-11-14 15:00:00+00:00,548
138.10000610351562,138.10000610351562,138.10000610351562,137.8800048828125,138.0500030517578,3140321,2024-11-14 15:15:00+00:00,549
