data_for_id,imb_open,imb_close,imb_diff,Open,High,Low,Close,ser_no
51,6925.0,6906.89990234375,-18.10009765625,6980.9501953125,6984.64990234375,6925.0,6927.0,50.0
84,6940.0,6929.0,-11.0,6962.5,6985.7998046875,6940.0,6942.4501953125,56.0
84,6940.0,6929.0,-11.0,6962.5,6985.7998046875,6940.0,6942.4501953125,56.0
84,6940.0,6929.0,-11.0,6962.5,6985.7998046875,6940.0,6942.4501953125,56.0
84,6940.0,6929.0,-11.0,6962.5,6985.7998046875,6940.0,6942.4501953125,56.0
84,6940.0,6929.0,-11.0,6962.5,6985.7998046875,6940.0,6942.4501953125,56.0
84,6940.0,6929.0,-11.0,6962.5,6985.7998046875,6940.0,6942.4501953125,56.0
84,6940.0,6929.0,-11.0,6962.5,6985.7998046875,6940.0,6942.4501953125,56.0
84,6940.0,6929.0,-11.0,6962.5,6985.7998046875,6940.0,6942.4501953125,56.0
84,6940.0,6929.0,-11.0,6962.5,6985.7998046875,6940.0,6942.4501953125,56.0
72,6916.35009765625,6910.2998046875,-6.05029296875,6919.2001953125,6926.0,6916.35009765625,6922.2001953125,64.0
84,6940.0,6929.0,-11.0,6962.5,6985.7998046875,6940.0,6942.4501953125,56.0
72,6916.35009765625,6910.2998046875,-6.05029296875,6919.2001953125,6926.0,6916.35009765625,6922.2001953125,64.0
84,6940.0,6929.0,-11.0,6962.5,6985.7998046875,6940.0,6942.4501953125,56.0
72,6916.35009765625,6910.2998046875,-6.05029296875,6919.2001953125,6926.0,6916.35009765625,6922.2001953125,64.0
84,6940.0,6929.0,-11.0,6962.5,6985.7998046875,6940.0,6942.4501953125,56.0
72,6916.35009765625,6910.2998046875,-6.05029296875,6919.2001953125,6926.0,6916.35009765625,6922.2001953125,64.0
84,6940.0,6929.0,-11.0,6962.5,6985.7998046875,6940.0,6942.4501953125,56.0
72,6916.35009765625,6910.2998046875,-6.05029296875,6919.2001953125,6926.0,6916.35009765625,6922.2001953125,64.0
84,6940.0,6929.0,-11.0,6962.5,6985.7998046875,6940.0,6942.4501953125,56.0
72,6916.35009765625,6910.2998046875,-6.05029296875,6919.2001953125,6926.0,6916.35009765625,6922.2001953125,64.0
84,6940.0,6929.0,-11.0,6962.5,6985.7998046875,6940.0,6942.4501953125,56.0
72,6916.35009765625,6910.2998046875,-6.05029296875,6919.2001953125,6926.0,6916.35009765625,6922.2001953125,64.0
84,6940.0,6929.0,-11.0,6962.5,6985.7998046875,6940.0,6942.4501953125,56.0
72,6916.35009765625,6910.2998046875,-6.05029296875,6919.2001953125,6926.0,6916.35009765625,6922.2001953125,64.0
84,6940.0,6929.0,-11.0,6962.5,6985.7998046875,6940.0,6942.4501953125,56.0
84,6940.0,6929.0,-11.0,6962.5,6985.7998046875,6940.0,6942.4501953125,56.0
84,6940.0,6929.0,-11.0,6962.5,6985.7998046875,6940.0,6942.4501953125,56.0
75,6886.2998046875,6826.0,-60.2998046875,6921.7998046875,6929.0,6886.2998046875,6899.5,74.0
84,6940.0,6929.0,-11.0,6962.5,6985.7998046875,6940.0,6942.4501953125,56.0
84,6940.0,6929.0,-11.0,6962.5,6985.7998046875,6940.0,6942.4501953125,56.0
84,6940.0,6929.0,-11.0,6962.5,6985.7998046875,6940.0,6942.4501953125,56.0
84,6940.0,6929.0,-11.0,6962.5,6985.7998046875,6940.0,6942.4501953125,56.0
84,6940.0,6929.0,-11.0,6962.5,6985.7998046875,6940.0,6942.4501953125,56.0
84,6940.0,6929.0,-11.0,6962.5,6985.7998046875,6940.0,6942.4501953125,56.0
81,6881.89990234375,6880.7998046875,-1.10009765625,6885.14990234375,6911.7998046875,6881.89990234375,6903.7998046875,80.0
84,6940.0,6929.0,-11.0,6962.5,6985.7998046875,6940.0,6942.4501953125,56.0
84,6940.0,6929.0,-11.0,6962.5,6985.7998046875,6940.0,6942.4501953125,56.0
84,6940.0,6929.0,-11.0,6962.5,6985.7998046875,6940.0,6942.4501953125,56.0
88,6914.10009765625,6908.89990234375,-5.2001953125,6917.60009765625,6938.0,6914.10009765625,6931.4501953125,87.0
149,6885.9501953125,6850.0,-35.9501953125,6932.64990234375,6950.0,6885.9501953125,6897.85009765625,100.0
149,6885.9501953125,6850.0,-35.9501953125,6932.64990234375,6950.0,6885.9501953125,6897.85009765625,100.0
149,6885.9501953125,6850.0,-35.9501953125,6932.64990234375,6950.0,6885.9501953125,6897.85009765625,100.0
149,6885.9501953125,6850.0,-35.9501953125,6932.64990234375,6950.0,6885.9501953125,6897.85009765625,100.0
149,6885.9501953125,6850.0,-35.9501953125,6932.64990234375,6950.0,6885.9501953125,6897.85009765625,100.0
149,6885.9501953125,6850.0,-35.9501953125,6932.64990234375,6950.0,6885.9501953125,6897.85009765625,100.0
149,6885.9501953125,6850.0,-35.9501953125,6932.64990234375,6950.0,6885.9501953125,6897.85009765625,100.0
149,6885.9501953125,6850.0,-35.9501953125,6932.64990234375,6950.0,6885.9501953125,6897.85009765625,100.0
149,6885.9501953125,6850.0,-35.9501953125,6932.64990234375,6950.0,6885.9501953125,6897.85009765625,100.0
149,6885.9501953125,6850.0,-35.9501953125,6932.64990234375,6950.0,6885.9501953125,6897.85009765625,100.0
149,6885.9501953125,6850.0,-35.9501953125,6932.64990234375,6950.0,6885.9501953125,6897.85009765625,100.0
149,6885.9501953125,6850.0,-35.9501953125,6932.64990234375,6950.0,6885.9501953125,6897.85009765625,100.0
149,6885.9501953125,6850.0,-35.9501953125,6932.64990234375,6950.0,6885.9501953125,6897.85009765625,100.0
149,6885.9501953125,6850.0,-35.9501953125,6932.64990234375,6950.0,6885.9501953125,6897.85009765625,100.0
149,6885.9501953125,6850.0,-35.9501953125,6932.64990234375,6950.0,6885.9501953125,6897.85009765625,100.0
149,6885.9501953125,6850.0,-35.9501953125,6932.64990234375,6950.0,6885.9501953125,6897.85009765625,100.0
149,6885.9501953125,6850.0,-35.9501953125,6932.64990234375,6950.0,6885.9501953125,6897.85009765625,100.0
149,6885.9501953125,6850.0,-35.9501953125,6932.64990234375,6950.0,6885.9501953125,6897.85009765625,100.0
149,6885.9501953125,6850.0,-35.9501953125,6932.64990234375,6950.0,6885.9501953125,6897.85009765625,100.0
149,6885.9501953125,6850.0,-35.9501953125,6932.64990234375,6950.0,6885.9501953125,6897.85009765625,100.0
149,6885.9501953125,6850.0,-35.9501953125,6932.64990234375,6950.0,6885.9501953125,6897.85009765625,100.0
149,6885.9501953125,6850.0,-35.9501953125,6932.64990234375,6950.0,6885.9501953125,6897.85009765625,100.0
149,6885.9501953125,6850.0,-35.9501953125,6932.64990234375,6950.0,6885.9501953125,6897.85009765625,100.0
149,6885.9501953125,6850.0,-35.9501953125,6932.64990234375,6950.0,6885.9501953125,6897.85009765625,100.0
149,6885.9501953125,6850.0,-35.9501953125,6932.64990234375,6950.0,6885.9501953125,6897.85009765625,100.0
149,6885.9501953125,6850.0,-35.9501953125,6932.64990234375,6950.0,6885.9501953125,6897.85009765625,100.0
149,6885.9501953125,6850.0,-35.9501953125,6932.64990234375,6950.0,6885.9501953125,6897.85009765625,100.0
149,6885.9501953125,6850.0,-35.9501953125,6932.64990234375,6950.0,6885.9501953125,6897.85009765625,100.0
149,6885.9501953125,6850.0,-35.9501953125,6932.64990234375,6950.0,6885.9501953125,6897.85009765625,100.0
149,6885.9501953125,6850.0,-35.9501953125,6932.64990234375,6950.0,6885.9501953125,6897.85009765625,100.0
149,6885.9501953125,6850.0,-35.9501953125,6932.64990234375,6950.0,6885.9501953125,6897.85009765625,100.0
149,6885.9501953125,6850.0,-35.9501953125,6932.64990234375,6950.0,6885.9501953125,6897.85009765625,100.0
149,6885.9501953125,6850.0,-35.9501953125,6932.64990234375,6950.0,6885.9501953125,6897.85009765625,100.0
149,6885.9501953125,6850.0,-35.9501953125,6932.64990234375,6950.0,6885.9501953125,6897.85009765625,100.0
149,6885.9501953125,6850.0,-35.9501953125,6932.64990234375,6950.0,6885.9501953125,6897.85009765625,100.0
149,6885.9501953125,6850.0,-35.9501953125,6932.64990234375,6950.0,6885.9501953125,6897.85009765625,100.0
149,6885.9501953125,6850.0,-35.9501953125,6932.64990234375,6950.0,6885.9501953125,6897.85009765625,100.0
149,6885.9501953125,6850.0,-35.9501953125,6932.64990234375,6950.0,6885.9501953125,6897.85009765625,100.0
149,6885.9501953125,6850.0,-35.9501953125,6932.64990234375,6950.0,6885.9501953125,6897.85009765625,100.0
149,6885.9501953125,6850.0,-35.9501953125,6932.64990234375,6950.0,6885.9501953125,6897.85009765625,100.0
149,6885.9501953125,6850.0,-35.9501953125,6932.64990234375,6950.0,6885.9501953125,6897.85009765625,100.0
149,6885.9501953125,6850.0,-35.9501953125,6932.64990234375,6950.0,6885.9501953125,6897.85009765625,100.0
149,6885.9501953125,6850.0,-35.9501953125,6932.64990234375,6950.0,6885.9501953125,6897.85009765625,100.0
149,6885.9501953125,6850.0,-35.9501953125,6932.64990234375,6950.0,6885.9501953125,6897.85009765625,100.0
149,6885.9501953125,6850.0,-35.9501953125,6932.64990234375,6950.0,6885.9501953125,6897.85009765625,100.0
149,6885.9501953125,6850.0,-35.9501953125,6932.64990234375,6950.0,6885.9501953125,6897.85009765625,100.0
149,6885.9501953125,6850.0,-35.9501953125,6932.64990234375,6950.0,6885.9501953125,6897.85009765625,100.0
149,6733.0,6712.0,-21.0,6754.75,6773.39990234375,6733.0,6742.0498046875,146.0
149,6885.9501953125,6850.0,-35.9501953125,6932.64990234375,6950.0,6885.9501953125,6897.85009765625,100.0
149,6733.0,6712.0,-21.0,6754.75,6773.39990234375,6733.0,6742.0498046875,146.0
149,6885.9501953125,6850.0,-35.9501953125,6932.64990234375,6950.0,6885.9501953125,6897.85009765625,100.0
149,6733.0,6712.0,-21.0,6754.75,6773.39990234375,6733.0,6742.0498046875,146.0
549,7082.64990234375,7076.0,-6.64990234375,7103.60009765625,7119.85009765625,7082.64990234375,7085.14990234375,178.0
549,7082.64990234375,7076.0,-6.64990234375,7103.60009765625,7119.85009765625,7082.64990234375,7085.14990234375,178.0
549,7082.64990234375,7076.0,-6.64990234375,7103.60009765625,7119.85009765625,7082.64990234375,7085.14990234375,178.0
549,7082.64990234375,7076.0,-6.64990234375,7103.60009765625,7119.85009765625,7082.64990234375,7085.14990234375,178.0
549,7082.64990234375,7076.0,-6.64990234375,7103.60009765625,7119.85009765625,7082.64990234375,7085.14990234375,178.0
549,7082.64990234375,7076.0,-6.64990234375,7103.60009765625,7119.85009765625,7082.64990234375,7085.14990234375,178.0
549,7082.64990234375,7076.0,-6.64990234375,7103.60009765625,7119.85009765625,7082.64990234375,7085.14990234375,178.0
549,7082.64990234375,7076.0,-6.64990234375,7103.60009765625,7119.85009765625,7082.64990234375,7085.14990234375,178.0
195,7040.0,7037.35009765625,-2.64990234375,7040.0,7060.2001953125,7040.0,7044.7998046875,185.0
549,7082.64990234375,7076.0,-6.64990234375,7103.60009765625,7119.85009765625,7082.64990234375,7085.14990234375,178.0
195,7040.0,7037.35009765625,-2.64990234375,7040.0,7060.2001953125,7040.0,7044.7998046875,185.0
549,7082.64990234375,7076.0,-6.64990234375,7103.60009765625,7119.85009765625,7082.64990234375,7085.14990234375,178.0
195,7040.0,7037.35009765625,-2.64990234375,7040.0,7060.2001953125,7040.0,7044.7998046875,185.0
549,7082.64990234375,7076.0,-6.64990234375,7103.60009765625,7119.85009765625,7082.64990234375,7085.14990234375,178.0
195,7040.0,7037.35009765625,-2.64990234375,7040.0,7060.2001953125,7040.0,7044.7998046875,185.0
549,7082.64990234375,7076.0,-6.64990234375,7103.60009765625,7119.85009765625,7082.64990234375,7085.14990234375,178.0
195,7040.0,7037.35009765625,-2.64990234375,7040.0,7060.2001953125,7040.0,7044.7998046875,185.0
549,7082.64990234375,7076.0,-6.64990234375,7103.60009765625,7119.85009765625,7082.64990234375,7085.14990234375,178.0
195,7040.0,7037.35009765625,-2.64990234375,7040.0,7060.2001953125,7040.0,7044.7998046875,185.0
549,7082.64990234375,7076.0,-6.64990234375,7103.60009765625,7119.85009765625,7082.64990234375,7085.14990234375,178.0
195,7040.0,7037.35009765625,-2.64990234375,7040.0,7060.2001953125,7040.0,7044.7998046875,185.0
549,7082.64990234375,7076.0,-6.64990234375,7103.60009765625,7119.85009765625,7082.64990234375,7085.14990234375,178.0
195,7040.0,7037.35009765625,-2.64990234375,7040.0,7060.2001953125,7040.0,7044.7998046875,185.0
549,7082.64990234375,7076.0,-6.64990234375,7103.60009765625,7119.85009765625,7082.64990234375,7085.14990234375,178.0
195,7040.0,7037.35009765625,-2.64990234375,7040.0,7060.2001953125,7040.0,7044.7998046875,185.0
549,7082.64990234375,7076.0,-6.64990234375,7103.60009765625,7119.85009765625,7082.64990234375,7085.14990234375,178.0
195,7040.0,7037.35009765625,-2.64990234375,7040.0,7060.2001953125,7040.0,7044.7998046875,185.0
549,7082.64990234375,7076.0,-6.64990234375,7103.60009765625,7119.85009765625,7082.64990234375,7085.14990234375,178.0
549,7082.64990234375,7076.0,-6.64990234375,7103.60009765625,7119.85009765625,7082.64990234375,7085.14990234375,178.0
549,7082.64990234375,7076.0,-6.64990234375,7103.60009765625,7119.85009765625,7082.64990234375,7085.14990234375,178.0
207,7053.0,7049.0,-4.0,7059.85009765625,7076.0,7053.0,7053.0,197.0
549,7082.64990234375,7076.0,-6.64990234375,7103.60009765625,7119.85009765625,7082.64990234375,7085.14990234375,178.0
207,7053.0,7049.0,-4.0,7059.85009765625,7076.0,7053.0,7053.0,197.0
549,7082.64990234375,7076.0,-6.64990234375,7103.60009765625,7119.85009765625,7082.64990234375,7085.14990234375,178.0
207,7053.0,7049.0,-4.0,7059.85009765625,7076.0,7053.0,7053.0,197.0
549,7082.64990234375,7076.0,-6.64990234375,7103.60009765625,7119.85009765625,7082.64990234375,7085.14990234375,178.0
207,7053.0,7049.0,-4.0,7059.85009765625,7076.0,7053.0,7053.0,197.0
549,7082.64990234375,7076.0,-6.64990234375,7103.60009765625,7119.85009765625,7082.64990234375,7085.14990234375,178.0
207,7053.0,7049.0,-4.0,7059.85009765625,7076.0,7053.0,7053.0,197.0
549,7082.64990234375,7076.0,-6.64990234375,7103.60009765625,7119.85009765625,7082.64990234375,7085.14990234375,178.0
207,7053.0,7049.0,-4.0,7059.85009765625,7076.0,7053.0,7053.0,197.0
549,7082.64990234375,7076.0,-6.64990234375,7103.60009765625,7119.85009765625,7082.64990234375,7085.14990234375,178.0
207,7053.0,7049.0,-4.0,7059.85009765625,7076.0,7053.0,7053.0,197.0
549,7082.64990234375,7076.0,-6.64990234375,7103.60009765625,7119.85009765625,7082.64990234375,7085.14990234375,178.0
207,7053.0,7049.0,-4.0,7059.85009765625,7076.0,7053.0,7053.0,197.0
549,7082.64990234375,7076.0,-6.64990234375,7103.60009765625,7119.85009765625,7082.64990234375,7085.14990234375,178.0
207,7053.0,7049.0,-4.0,7059.85009765625,7076.0,7053.0,7053.0,197.0
549,7082.64990234375,7076.0,-6.64990234375,7103.60009765625,7119.85009765625,7082.64990234375,7085.14990234375,178.0
207,7053.0,7049.0,-4.0,7059.85009765625,7076.0,7053.0,7053.0,197.0
549,7082.64990234375,7076.0,-6.64990234375,7103.60009765625,7119.85009765625,7082.64990234375,7085.14990234375,178.0
549,7082.64990234375,7076.0,-6.64990234375,7103.60009765625,7119.85009765625,7082.64990234375,7085.14990234375,178.0
549,7082.64990234375,7076.0,-6.64990234375,7103.60009765625,7119.85009765625,7082.64990234375,7085.14990234375,178.0
549,7082.64990234375,7076.0,-6.64990234375,7103.60009765625,7119.85009765625,7082.64990234375,7085.14990234375,178.0
549,7082.64990234375,7076.0,-6.64990234375,7103.60009765625,7119.85009765625,7082.64990234375,7085.14990234375,178.0
549,7082.64990234375,7076.0,-6.64990234375,7103.60009765625,7119.85009765625,7082.64990234375,7085.14990234375,178.0
549,7082.64990234375,7076.0,-6.64990234375,7103.60009765625,7119.85009765625,7082.64990234375,7085.14990234375,178.0
549,7082.64990234375,7076.0,-6.64990234375,7103.60009765625,7119.85009765625,7082.64990234375,7085.14990234375,178.0
549,7082.64990234375,7076.0,-6.64990234375,7103.60009765625,7119.85009765625,7082.64990234375,7085.14990234375,178.0
549,7082.64990234375,7076.0,-6.64990234375,7103.60009765625,7119.85009765625,7082.64990234375,7085.14990234375,178.0
549,7082.64990234375,7076.0,-6.64990234375,7103.60009765625,7119.85009765625,7082.64990234375,7085.14990234375,178.0
549,7082.64990234375,7076.0,-6.64990234375,7103.60009765625,7119.85009765625,7082.64990234375,7085.14990234375,178.0
549,7082.64990234375,7076.0,-6.64990234375,7103.60009765625,7119.85009765625,7082.64990234375,7085.14990234375,178.0
549,7082.64990234375,7076.0,-6.64990234375,7103.60009765625,7119.85009765625,7082.64990234375,7085.14990234375,178.0
549,7082.64990234375,7076.0,-6.64990234375,7103.60009765625,7119.85009765625,7082.64990234375,7085.14990234375,178.0
549,7082.64990234375,7076.0,-6.64990234375,7103.60009765625,7119.85009765625,7082.64990234375,7085.14990234375,178.0
549,7082.64990234375,7076.0,-6.64990234375,7103.60009765625,7119.85009765625,7082.64990234375,7085.14990234375,178.0
549,7082.64990234375,7076.0,-6.64990234375,7103.60009765625,7119.85009765625,7082.64990234375,7085.14990234375,178.0
549,7082.64990234375,7076.0,-6.64990234375,7103.60009765625,7119.85009765625,7082.64990234375,7085.14990234375,178.0
549,7082.64990234375,7076.0,-6.64990234375,7103.60009765625,7119.85009765625,7082.64990234375,7085.14990234375,178.0
549,7082.64990234375,7076.0,-6.64990234375,7103.60009765625,7119.85009765625,7082.64990234375,7085.14990234375,178.0
549,7082.64990234375,7076.0,-6.64990234375,7103.60009765625,7119.85009765625,7082.64990234375,7085.14990234375,178.0
549,7082.64990234375,7076.0,-6.64990234375,7103.60009765625,7119.85009765625,7082.64990234375,7085.14990234375,178.0
549,7082.64990234375,7076.0,-6.64990234375,7103.60009765625,7119.85009765625,7082.64990234375,7085.14990234375,178.0
549,7082.64990234375,7076.0,-6.64990234375,7103.60009765625,7119.85009765625,7082.64990234375,7085.14990234375,178.0
549,7082.64990234375,7076.0,-6.64990234375,7103.60009765625,7119.85009765625,7082.64990234375,7085.14990234375,178.0
267,6994.7001953125,6983.9501953125,-10.75,7018.85009765625,7024.14990234375,6994.7001953125,7017.4501953125,232.0
549,7082.64990234375,7076.0,-6.64990234375,7103.60009765625,7119.85009765625,7082.64990234375,7085.14990234375,178.0
267,6994.7001953125,6983.9501953125,-10.75,7018.85009765625,7024.14990234375,6994.7001953125,7017.4501953125,232.0
549,7082.64990234375,7076.0,-6.64990234375,7103.60009765625,7119.85009765625,7082.64990234375,7085.14990234375,178.0
267,6994.7001953125,6983.9501953125,-10.75,7018.85009765625,7024.14990234375,6994.7001953125,7017.4501953125,232.0
549,7082.64990234375,7076.0,-6.64990234375,7103.60009765625,7119.85009765625,7082.64990234375,7085.14990234375,178.0
267,6994.7001953125,6983.9501953125,-10.75,7018.85009765625,7024.14990234375,6994.7001953125,7017.4501953125,232.0
549,7082.64990234375,7076.0,-6.64990234375,7103.60009765625,7119.85009765625,7082.64990234375,7085.14990234375,178.0
267,6994.7001953125,6983.9501953125,-10.75,7018.85009765625,7024.14990234375,6994.7001953125,7017.4501953125,232.0
549,7082.64990234375,7076.0,-6.64990234375,7103.60009765625,7119.85009765625,7082.64990234375,7085.14990234375,178.0
267,6994.7001953125,6983.9501953125,-10.75,7018.85009765625,7024.14990234375,6994.7001953125,7017.4501953125,232.0
549,7082.64990234375,7076.0,-6.64990234375,7103.60009765625,7119.85009765625,7082.64990234375,7085.14990234375,178.0
267,6994.7001953125,6983.9501953125,-10.75,7018.85009765625,7024.14990234375,6994.7001953125,7017.4501953125,232.0
549,7082.64990234375,7076.0,-6.64990234375,7103.60009765625,7119.85009765625,7082.64990234375,7085.14990234375,178.0
267,6994.7001953125,6983.9501953125,-10.75,7018.85009765625,7024.14990234375,6994.7001953125,7017.4501953125,232.0
549,7082.64990234375,7076.0,-6.64990234375,7103.60009765625,7119.85009765625,7082.64990234375,7085.14990234375,178.0
267,6994.7001953125,6983.9501953125,-10.75,7018.85009765625,7024.14990234375,6994.7001953125,7017.4501953125,232.0
549,7082.64990234375,7076.0,-6.64990234375,7103.60009765625,7119.85009765625,7082.64990234375,7085.14990234375,178.0
267,6994.7001953125,6983.9501953125,-10.75,7018.85009765625,7024.14990234375,6994.7001953125,7017.4501953125,232.0
549,7082.64990234375,7076.0,-6.64990234375,7103.60009765625,7119.85009765625,7082.64990234375,7085.14990234375,178.0
267,6994.7001953125,6983.9501953125,-10.75,7018.85009765625,7024.14990234375,6994.7001953125,7017.4501953125,232.0
549,7082.64990234375,7076.0,-6.64990234375,7103.60009765625,7119.85009765625,7082.64990234375,7085.14990234375,178.0
267,6994.7001953125,6983.9501953125,-10.75,7018.85009765625,7024.14990234375,6994.7001953125,7017.4501953125,232.0
549,7082.64990234375,7076.0,-6.64990234375,7103.60009765625,7119.85009765625,7082.64990234375,7085.14990234375,178.0
267,6994.7001953125,6983.9501953125,-10.75,7018.85009765625,7024.14990234375,6994.7001953125,7017.4501953125,232.0
549,7082.64990234375,7076.0,-6.64990234375,7103.60009765625,7119.85009765625,7082.64990234375,7085.14990234375,178.0
267,6994.7001953125,6983.9501953125,-10.75,7018.85009765625,7024.14990234375,6994.7001953125,7017.4501953125,232.0
549,7082.64990234375,7076.0,-6.64990234375,7103.60009765625,7119.85009765625,7082.64990234375,7085.14990234375,178.0
267,6994.7001953125,6983.9501953125,-10.75,7018.85009765625,7024.14990234375,6994.7001953125,7017.4501953125,232.0
549,7082.64990234375,7076.0,-6.64990234375,7103.60009765625,7119.85009765625,7082.64990234375,7085.14990234375,178.0
267,6994.7001953125,6983.9501953125,-10.75,7018.85009765625,7024.14990234375,6994.7001953125,7017.4501953125,232.0
248,6915.60009765625,6911.10009765625,-4.5,6924.60009765625,6932.10009765625,6915.60009765625,6929.0,247.0
549,7082.64990234375,7076.0,-6.64990234375,7103.60009765625,7119.85009765625,7082.64990234375,7085.14990234375,178.0
267,6994.7001953125,6983.9501953125,-10.75,7018.85009765625,7024.14990234375,6994.7001953125,7017.4501953125,232.0
549,7082.64990234375,7076.0,-6.64990234375,7103.60009765625,7119.85009765625,7082.64990234375,7085.14990234375,178.0
267,6994.7001953125,6983.9501953125,-10.75,7018.85009765625,7024.14990234375,6994.7001953125,7017.4501953125,232.0
549,7082.64990234375,7076.0,-6.64990234375,7103.60009765625,7119.85009765625,7082.64990234375,7085.14990234375,178.0
267,6994.7001953125,6983.9501953125,-10.75,7018.85009765625,7024.14990234375,6994.7001953125,7017.4501953125,232.0
549,7082.64990234375,7076.0,-6.64990234375,7103.60009765625,7119.85009765625,7082.64990234375,7085.14990234375,178.0
267,6994.7001953125,6983.9501953125,-10.75,7018.85009765625,7024.14990234375,6994.7001953125,7017.4501953125,232.0
549,7082.64990234375,7076.0,-6.64990234375,7103.60009765625,7119.85009765625,7082.64990234375,7085.14990234375,178.0
267,6994.7001953125,6983.9501953125,-10.75,7018.85009765625,7024.14990234375,6994.7001953125,7017.4501953125,232.0
549,7082.64990234375,7076.0,-6.64990234375,7103.60009765625,7119.85009765625,7082.64990234375,7085.14990234375,178.0
267,6994.7001953125,6983.9501953125,-10.75,7018.85009765625,7024.14990234375,6994.7001953125,7017.4501953125,232.0
549,7082.64990234375,7076.0,-6.64990234375,7103.60009765625,7119.85009765625,7082.64990234375,7085.14990234375,178.0
267,6994.7001953125,6983.9501953125,-10.75,7018.85009765625,7024.14990234375,6994.7001953125,7017.4501953125,232.0
549,7082.64990234375,7076.0,-6.64990234375,7103.60009765625,7119.85009765625,7082.64990234375,7085.14990234375,178.0
267,6994.7001953125,6983.9501953125,-10.75,7018.85009765625,7024.14990234375,6994.7001953125,7017.4501953125,232.0
549,7082.64990234375,7076.0,-6.64990234375,7103.60009765625,7119.85009765625,7082.64990234375,7085.14990234375,178.0
267,6994.7001953125,6983.9501953125,-10.75,7018.85009765625,7024.14990234375,6994.7001953125,7017.4501953125,232.0
549,7082.64990234375,7076.0,-6.64990234375,7103.60009765625,7119.85009765625,7082.64990234375,7085.14990234375,178.0
267,6994.7001953125,6983.9501953125,-10.75,7018.85009765625,7024.14990234375,6994.7001953125,7017.4501953125,232.0
549,7082.64990234375,7076.0,-6.64990234375,7103.60009765625,7119.85009765625,7082.64990234375,7085.14990234375,178.0
267,6994.7001953125,6983.9501953125,-10.75,7018.85009765625,7024.14990234375,6994.7001953125,7017.4501953125,232.0
549,7082.64990234375,7076.0,-6.64990234375,7103.60009765625,7119.85009765625,7082.64990234375,7085.14990234375,178.0
267,6994.7001953125,6983.9501953125,-10.75,7018.85009765625,7024.14990234375,6994.7001953125,7017.4501953125,232.0
549,7082.64990234375,7076.0,-6.64990234375,7103.60009765625,7119.85009765625,7082.64990234375,7085.14990234375,178.0
267,6994.7001953125,6983.9501953125,-10.75,7018.85009765625,7024.14990234375,6994.7001953125,7017.4501953125,232.0
549,7082.64990234375,7076.0,-6.64990234375,7103.60009765625,7119.85009765625,7082.64990234375,7085.14990234375,178.0
267,6994.7001953125,6983.9501953125,-10.75,7018.85009765625,7024.14990234375,6994.7001953125,7017.4501953125,232.0
549,7082.64990234375,7076.0,-6.64990234375,7103.60009765625,7119.85009765625,7082.64990234375,7085.14990234375,178.0
267,6994.7001953125,6983.9501953125,-10.75,7018.85009765625,7024.14990234375,6994.7001953125,7017.4501953125,232.0
549,7082.64990234375,7076.0,-6.64990234375,7103.60009765625,7119.85009765625,7082.64990234375,7085.14990234375,178.0
267,6994.7001953125,6983.9501953125,-10.75,7018.85009765625,7024.14990234375,6994.7001953125,7017.4501953125,232.0
549,7082.64990234375,7076.0,-6.64990234375,7103.60009765625,7119.85009765625,7082.64990234375,7085.14990234375,178.0
267,6994.7001953125,6983.9501953125,-10.75,7018.85009765625,7024.14990234375,6994.7001953125,7017.4501953125,232.0
549,7082.64990234375,7076.0,-6.64990234375,7103.60009765625,7119.85009765625,7082.64990234375,7085.14990234375,178.0
267,6994.7001953125,6983.9501953125,-10.75,7018.85009765625,7024.14990234375,6994.7001953125,7017.4501953125,232.0
549,7082.64990234375,7076.0,-6.64990234375,7103.60009765625,7119.85009765625,7082.64990234375,7085.14990234375,178.0
267,6994.7001953125,6983.9501953125,-10.75,7018.85009765625,7024.14990234375,6994.7001953125,7017.4501953125,232.0
549,7082.64990234375,7076.0,-6.64990234375,7103.60009765625,7119.85009765625,7082.64990234375,7085.14990234375,178.0
549,7082.64990234375,7076.0,-6.64990234375,7103.60009765625,7119.85009765625,7082.64990234375,7085.14990234375,178.0
549,7082.64990234375,7076.0,-6.64990234375,7103.60009765625,7119.85009765625,7082.64990234375,7085.14990234375,178.0
549,7082.64990234375,7076.0,-6.64990234375,7103.60009765625,7119.85009765625,7082.64990234375,7085.14990234375,178.0
271,7027.0,7026.75,-0.25,7037.7998046875,7060.0,7027.0,7041.89990234375,270.0
549,7082.64990234375,7076.0,-6.64990234375,7103.60009765625,7119.85009765625,7082.64990234375,7085.14990234375,178.0
549,7082.64990234375,7076.0,-6.64990234375,7103.60009765625,7119.85009765625,7082.64990234375,7085.14990234375,178.0
549,7082.64990234375,7076.0,-6.64990234375,7103.60009765625,7119.85009765625,7082.64990234375,7085.14990234375,178.0
549,7082.64990234375,7076.0,-6.64990234375,7103.60009765625,7119.85009765625,7082.64990234375,7085.14990234375,178.0
549,7082.64990234375,7076.0,-6.64990234375,7103.60009765625,7119.85009765625,7082.64990234375,7085.14990234375,178.0
549,7082.64990234375,7076.0,-6.64990234375,7103.60009765625,7119.85009765625,7082.64990234375,7085.14990234375,178.0
549,7082.64990234375,7076.0,-6.64990234375,7103.60009765625,7119.85009765625,7082.64990234375,7085.14990234375,178.0
549,7082.64990234375,7076.0,-6.64990234375,7103.60009765625,7119.85009765625,7082.64990234375,7085.14990234375,178.0
549,7082.64990234375,7076.0,-6.64990234375,7103.60009765625,7119.85009765625,7082.64990234375,7085.14990234375,178.0
549,7082.64990234375,7076.0,-6.64990234375,7103.60009765625,7119.85009765625,7082.64990234375,7085.14990234375,178.0
549,7082.64990234375,7076.0,-6.64990234375,7103.60009765625,7119.85009765625,7082.64990234375,7085.14990234375,178.0
549,7082.64990234375,7076.0,-6.64990234375,7103.60009765625,7119.85009765625,7082.64990234375,7085.14990234375,178.0
549,7082.64990234375,7076.0,-6.64990234375,7103.60009765625,7119.85009765625,7082.64990234375,7085.14990234375,178.0
549,7082.64990234375,7076.0,-6.64990234375,7103.60009765625,7119.85009765625,7082.64990234375,7085.14990234375,178.0
549,7082.64990234375,7076.0,-6.64990234375,7103.60009765625,7119.85009765625,7082.64990234375,7085.14990234375,178.0
549,7082.64990234375,7076.0,-6.64990234375,7103.60009765625,7119.85009765625,7082.64990234375,7085.14990234375,178.0
549,7082.64990234375,7076.0,-6.64990234375,7103.60009765625,7119.85009765625,7082.64990234375,7085.14990234375,178.0
549,7082.64990234375,7076.0,-6.64990234375,7103.60009765625,7119.85009765625,7082.64990234375,7085.14990234375,178.0
549,7082.64990234375,7076.0,-6.64990234375,7103.60009765625,7119.85009765625,7082.64990234375,7085.14990234375,178.0
549,7082.64990234375,7076.0,-6.64990234375,7103.60009765625,7119.85009765625,7082.64990234375,7085.14990234375,178.0
549,7082.64990234375,7076.0,-6.64990234375,7103.60009765625,7119.85009765625,7082.64990234375,7085.14990234375,178.0
549,7082.64990234375,7076.0,-6.64990234375,7103.60009765625,7119.85009765625,7082.64990234375,7085.14990234375,178.0
549,7082.64990234375,7076.0,-6.64990234375,7103.60009765625,7119.85009765625,7082.64990234375,7085.14990234375,178.0
549,7082.64990234375,7076.0,-6.64990234375,7103.60009765625,7119.85009765625,7082.64990234375,7085.14990234375,178.0
549,7082.64990234375,7076.0,-6.64990234375,7103.60009765625,7119.85009765625,7082.64990234375,7085.14990234375,178.0
549,7082.64990234375,7076.0,-6.64990234375,7103.60009765625,7119.85009765625,7082.64990234375,7085.14990234375,178.0
549,7082.64990234375,7076.0,-6.64990234375,7103.60009765625,7119.85009765625,7082.64990234375,7085.14990234375,178.0
549,7082.64990234375,7076.0,-6.64990234375,7103.60009765625,7119.85009765625,7082.64990234375,7085.14990234375,178.0
549,7082.64990234375,7076.0,-6.64990234375,7103.60009765625,7119.85009765625,7082.64990234375,7085.14990234375,178.0
300,6927.0,6910.5,-16.5,6955.9501953125,6969.9501953125,6951.5498046875,6955.0,299.0
549,7082.64990234375,7076.0,-6.64990234375,7103.60009765625,7119.85009765625,7082.64990234375,7085.14990234375,178.0
549,7082.64990234375,7076.0,-6.64990234375,7103.60009765625,7119.85009765625,7082.64990234375,7085.14990234375,178.0
549,7082.64990234375,7076.0,-6.64990234375,7103.60009765625,7119.85009765625,7082.64990234375,7085.14990234375,178.0
549,7082.64990234375,7076.0,-6.64990234375,7103.60009765625,7119.85009765625,7082.64990234375,7085.14990234375,178.0
304,6948.35009765625,6947.0,-1.35009765625,6967.89990234375,6970.25,6948.35009765625,6958.85009765625,303.0
549,7082.64990234375,7076.0,-6.64990234375,7103.60009765625,7119.85009765625,7082.64990234375,7085.14990234375,178.0
324,6946.64990234375,6940.0,-6.64990234375,6955.0,6963.9501953125,6946.64990234375,6947.0,304.0
549,7082.64990234375,7076.0,-6.64990234375,7103.60009765625,7119.85009765625,7082.64990234375,7085.14990234375,178.0
324,6946.64990234375,6940.0,-6.64990234375,6955.0,6963.9501953125,6946.64990234375,6947.0,304.0
549,7082.64990234375,7076.0,-6.64990234375,7103.60009765625,7119.85009765625,7082.64990234375,7085.14990234375,178.0
324,6946.64990234375,6940.0,-6.64990234375,6955.0,6963.9501953125,6946.64990234375,6947.0,304.0
549,7082.64990234375,7076.0,-6.64990234375,7103.60009765625,7119.85009765625,7082.64990234375,7085.14990234375,178.0
324,6946.64990234375,6940.0,-6.64990234375,6955.0,6963.9501953125,6946.64990234375,6947.0,304.0
549,7082.64990234375,7076.0,-6.64990234375,7103.60009765625,7119.85009765625,7082.64990234375,7085.14990234375,178.0
324,6946.64990234375,6940.0,-6.64990234375,6955.0,6963.9501953125,6946.64990234375,6947.0,304.0
549,7082.64990234375,7076.0,-6.64990234375,7103.60009765625,7119.85009765625,7082.64990234375,7085.14990234375,178.0
324,6946.64990234375,6940.0,-6.64990234375,6955.0,6963.9501953125,6946.64990234375,6947.0,304.0
549,7082.64990234375,7076.0,-6.64990234375,7103.60009765625,7119.85009765625,7082.64990234375,7085.14990234375,178.0
324,6946.64990234375,6940.0,-6.64990234375,6955.0,6963.9501953125,6946.64990234375,6947.0,304.0
549,7082.64990234375,7076.0,-6.64990234375,7103.60009765625,7119.85009765625,7082.64990234375,7085.14990234375,178.0
324,6946.64990234375,6940.0,-6.64990234375,6955.0,6963.9501953125,6946.64990234375,6947.0,304.0
549,7082.64990234375,7076.0,-6.64990234375,7103.60009765625,7119.85009765625,7082.64990234375,7085.14990234375,178.0
324,6946.64990234375,6940.0,-6.64990234375,6955.0,6963.9501953125,6946.64990234375,6947.0,304.0
549,7082.64990234375,7076.0,-6.64990234375,7103.60009765625,7119.85009765625,7082.64990234375,7085.14990234375,178.0
324,6946.64990234375,6940.0,-6.64990234375,6955.0,6963.9501953125,6946.64990234375,6947.0,304.0
549,7082.64990234375,7076.0,-6.64990234375,7103.60009765625,7119.85009765625,7082.64990234375,7085.14990234375,178.0
324,6946.64990234375,6940.0,-6.64990234375,6955.0,6963.9501953125,6946.64990234375,6947.0,304.0
549,7082.64990234375,7076.0,-6.64990234375,7103.60009765625,7119.85009765625,7082.64990234375,7085.14990234375,178.0
324,6946.64990234375,6940.0,-6.64990234375,6955.0,6963.9501953125,6946.64990234375,6947.0,304.0
549,7082.64990234375,7076.0,-6.64990234375,7103.60009765625,7119.85009765625,7082.64990234375,7085.14990234375,178.0
324,6946.64990234375,6940.0,-6.64990234375,6955.0,6963.9501953125,6946.64990234375,6947.0,304.0
549,7082.64990234375,7076.0,-6.64990234375,7103.60009765625,7119.85009765625,7082.64990234375,7085.14990234375,178.0
324,6946.64990234375,6940.0,-6.64990234375,6955.0,6963.9501953125,6946.64990234375,6947.0,304.0
549,7082.64990234375,7076.0,-6.64990234375,7103.60009765625,7119.85009765625,7082.64990234375,7085.14990234375,178.0
324,6946.64990234375,6940.0,-6.64990234375,6955.0,6963.9501953125,6946.64990234375,6947.0,304.0
549,7082.64990234375,7076.0,-6.64990234375,7103.60009765625,7119.85009765625,7082.64990234375,7085.14990234375,178.0
324,6946.64990234375,6940.0,-6.64990234375,6955.0,6963.9501953125,6946.64990234375,6947.0,304.0
549,7082.64990234375,7076.0,-6.64990234375,7103.60009765625,7119.85009765625,7082.64990234375,7085.14990234375,178.0
324,6946.64990234375,6940.0,-6.64990234375,6955.0,6963.9501953125,6946.64990234375,6947.0,304.0
549,7082.64990234375,7076.0,-6.64990234375,7103.60009765625,7119.85009765625,7082.64990234375,7085.14990234375,178.0
324,6946.64990234375,6940.0,-6.64990234375,6955.0,6963.9501953125,6946.64990234375,6947.0,304.0
549,7082.64990234375,7076.0,-6.64990234375,7103.60009765625,7119.85009765625,7082.64990234375,7085.14990234375,178.0
324,6946.64990234375,6940.0,-6.64990234375,6955.0,6963.9501953125,6946.64990234375,6947.0,304.0
549,7082.64990234375,7076.0,-6.64990234375,7103.60009765625,7119.85009765625,7082.64990234375,7085.14990234375,178.0
324,6946.64990234375,6940.0,-6.64990234375,6955.0,6963.9501953125,6946.64990234375,6947.0,304.0
549,7082.64990234375,7076.0,-6.64990234375,7103.60009765625,7119.85009765625,7082.64990234375,7085.14990234375,178.0
549,7082.64990234375,7076.0,-6.64990234375,7103.60009765625,7119.85009765625,7082.64990234375,7085.14990234375,178.0
326,6858.39990234375,6855.2001953125,-3.19970703125,6956.2998046875,6956.2998046875,6858.39990234375,6891.4501953125,325.0
549,7082.64990234375,7076.0,-6.64990234375,7103.60009765625,7119.85009765625,7082.64990234375,7085.14990234375,178.0
549,7082.64990234375,7076.0,-6.64990234375,7103.60009765625,7119.85009765625,7082.64990234375,7085.14990234375,178.0
549,7082.64990234375,7076.0,-6.64990234375,7103.60009765625,7119.85009765625,7082.64990234375,7085.14990234375,178.0
549,7082.64990234375,7076.0,-6.64990234375,7103.60009765625,7119.85009765625,7082.64990234375,7085.14990234375,178.0
549,7082.64990234375,7076.0,-6.64990234375,7103.60009765625,7119.85009765625,7082.64990234375,7085.14990234375,178.0
549,7082.64990234375,7076.0,-6.64990234375,7103.60009765625,7119.85009765625,7082.64990234375,7085.14990234375,178.0
549,7082.64990234375,7076.0,-6.64990234375,7103.60009765625,7119.85009765625,7082.64990234375,7085.14990234375,178.0
549,7082.64990234375,7076.0,-6.64990234375,7103.60009765625,7119.85009765625,7082.64990234375,7085.14990234375,178.0
549,7082.64990234375,7076.0,-6.64990234375,7103.60009765625,7119.85009765625,7082.64990234375,7085.14990234375,178.0
549,7082.64990234375,7076.0,-6.64990234375,7103.60009765625,7119.85009765625,7082.64990234375,7085.14990234375,178.0
549,7082.64990234375,7076.0,-6.64990234375,7103.60009765625,7119.85009765625,7082.64990234375,7085.14990234375,178.0
341,6812.0,6807.0,-5.0,6815.64990234375,6832.7001953125,6812.0,6815.0,336.0
549,7082.64990234375,7076.0,-6.64990234375,7103.60009765625,7119.85009765625,7082.64990234375,7085.14990234375,178.0
341,6812.0,6807.0,-5.0,6815.64990234375,6832.7001953125,6812.0,6815.0,336.0
549,7082.64990234375,7076.0,-6.64990234375,7103.60009765625,7119.85009765625,7082.64990234375,7085.14990234375,178.0
341,6812.0,6807.0,-5.0,6815.64990234375,6832.7001953125,6812.0,6815.0,336.0
549,7082.64990234375,7076.0,-6.64990234375,7103.60009765625,7119.85009765625,7082.64990234375,7085.14990234375,178.0
341,6812.0,6807.0,-5.0,6815.64990234375,6832.7001953125,6812.0,6815.0,336.0
549,7082.64990234375,7076.0,-6.64990234375,7103.60009765625,7119.85009765625,7082.64990234375,7085.14990234375,178.0
341,6812.0,6807.0,-5.0,6815.64990234375,6832.7001953125,6812.0,6815.0,336.0
549,7082.64990234375,7076.0,-6.64990234375,7103.60009765625,7119.85009765625,7082.64990234375,7085.14990234375,178.0
549,7082.64990234375,7076.0,-6.64990234375,7103.60009765625,7119.85009765625,7082.64990234375,7085.14990234375,178.0
549,7082.64990234375,7076.0,-6.64990234375,7103.60009765625,7119.85009765625,7082.64990234375,7085.14990234375,178.0
549,7082.64990234375,7076.0,-6.64990234375,7103.60009765625,7119.85009765625,7082.64990234375,7085.14990234375,178.0
549,7082.64990234375,7076.0,-6.64990234375,7103.60009765625,7119.85009765625,7082.64990234375,7085.14990234375,178.0
549,7082.64990234375,7076.0,-6.64990234375,7103.60009765625,7119.85009765625,7082.64990234375,7085.14990234375,178.0
549,7082.64990234375,7076.0,-6.64990234375,7103.60009765625,7119.85009765625,7082.64990234375,7085.14990234375,178.0
549,7082.64990234375,7076.0,-6.64990234375,7103.60009765625,7119.85009765625,7082.64990234375,7085.14990234375,178.0
549,7082.64990234375,7076.0,-6.64990234375,7103.60009765625,7119.85009765625,7082.64990234375,7085.14990234375,178.0
549,7082.64990234375,7076.0,-6.64990234375,7103.60009765625,7119.85009765625,7082.64990234375,7085.14990234375,178.0
549,7082.64990234375,7076.0,-6.64990234375,7103.60009765625,7119.85009765625,7082.64990234375,7085.14990234375,178.0
549,7082.64990234375,7076.0,-6.64990234375,7103.60009765625,7119.85009765625,7082.64990234375,7085.14990234375,178.0
549,7082.64990234375,7076.0,-6.64990234375,7103.60009765625,7119.85009765625,7082.64990234375,7085.14990234375,178.0
549,7082.64990234375,7076.0,-6.64990234375,7103.60009765625,7119.85009765625,7082.64990234375,7085.14990234375,178.0
549,7082.64990234375,7076.0,-6.64990234375,7103.60009765625,7119.85009765625,7082.64990234375,7085.14990234375,178.0
549,7082.64990234375,7076.0,-6.64990234375,7103.60009765625,7119.85009765625,7082.64990234375,7085.14990234375,178.0
549,7082.64990234375,7076.0,-6.64990234375,7103.60009765625,7119.85009765625,7082.64990234375,7085.14990234375,178.0
549,7082.64990234375,7076.0,-6.64990234375,7103.60009765625,7119.85009765625,7082.64990234375,7085.14990234375,178.0
549,7082.64990234375,7076.0,-6.64990234375,7103.60009765625,7119.85009765625,7082.64990234375,7085.14990234375,178.0
549,7082.64990234375,7076.0,-6.64990234375,7103.60009765625,7119.85009765625,7082.64990234375,7085.14990234375,178.0
549,7082.64990234375,7076.0,-6.64990234375,7103.60009765625,7119.85009765625,7082.64990234375,7085.14990234375,178.0
549,7082.64990234375,7076.0,-6.64990234375,7103.60009765625,7119.85009765625,7082.64990234375,7085.14990234375,178.0
549,7082.64990234375,7076.0,-6.64990234375,7103.60009765625,7119.85009765625,7082.64990234375,7085.14990234375,178.0
549,7082.64990234375,7076.0,-6.64990234375,7103.60009765625,7119.85009765625,7082.64990234375,7085.14990234375,178.0
549,7082.64990234375,7076.0,-6.64990234375,7103.60009765625,7119.85009765625,7082.64990234375,7085.14990234375,178.0
549,7082.64990234375,7076.0,-6.64990234375,7103.60009765625,7119.85009765625,7082.64990234375,7085.14990234375,178.0
549,7082.64990234375,7076.0,-6.64990234375,7103.60009765625,7119.85009765625,7082.64990234375,7085.14990234375,178.0
549,7082.64990234375,7076.0,-6.64990234375,7103.60009765625,7119.85009765625,7082.64990234375,7085.14990234375,178.0
549,7082.64990234375,7076.0,-6.64990234375,7103.60009765625,7119.85009765625,7082.64990234375,7085.14990234375,178.0
549,7082.64990234375,7076.0,-6.64990234375,7103.60009765625,7119.85009765625,7082.64990234375,7085.14990234375,178.0
549,7082.64990234375,7076.0,-6.64990234375,7103.60009765625,7119.85009765625,7082.64990234375,7085.14990234375,178.0
372,6965.0,6948.14990234375,-16.85009765625,6985.2001953125,6997.2998046875,6965.0,6974.9501953125,371.0
549,7082.64990234375,7076.0,-6.64990234375,7103.60009765625,7119.85009765625,7082.64990234375,7085.14990234375,178.0
549,7082.64990234375,7076.0,-6.64990234375,7103.60009765625,7119.85009765625,7082.64990234375,7085.14990234375,178.0
549,7082.64990234375,7076.0,-6.64990234375,7103.60009765625,7119.85009765625,7082.64990234375,7085.14990234375,178.0
549,7082.64990234375,7076.0,-6.64990234375,7103.60009765625,7119.85009765625,7082.64990234375,7085.14990234375,178.0
549,7082.64990234375,7076.0,-6.64990234375,7103.60009765625,7119.85009765625,7082.64990234375,7085.14990234375,178.0
385,6980.10009765625,6979.0,-1.10009765625,7013.0,7019.9501953125,6980.10009765625,6991.9501953125,376.0
549,7082.64990234375,7076.0,-6.64990234375,7103.60009765625,7119.85009765625,7082.64990234375,7085.14990234375,178.0
385,6980.10009765625,6979.0,-1.10009765625,7013.0,7019.9501953125,6980.10009765625,6991.9501953125,376.0
549,7082.64990234375,7076.0,-6.64990234375,7103.60009765625,7119.85009765625,7082.64990234375,7085.14990234375,178.0
385,6980.10009765625,6979.0,-1.10009765625,7013.0,7019.9501953125,6980.10009765625,6991.9501953125,376.0
549,7082.64990234375,7076.0,-6.64990234375,7103.60009765625,7119.85009765625,7082.64990234375,7085.14990234375,178.0
385,6980.10009765625,6979.0,-1.10009765625,7013.0,7019.9501953125,6980.10009765625,6991.9501953125,376.0
549,7082.64990234375,7076.0,-6.64990234375,7103.60009765625,7119.85009765625,7082.64990234375,7085.14990234375,178.0
385,6980.10009765625,6979.0,-1.10009765625,7013.0,7019.9501953125,6980.10009765625,6991.9501953125,376.0
549,7082.64990234375,7076.0,-6.64990234375,7103.60009765625,7119.85009765625,7082.64990234375,7085.14990234375,178.0
385,6980.10009765625,6979.0,-1.10009765625,7013.0,7019.9501953125,6980.10009765625,6991.9501953125,376.0
549,7082.64990234375,7076.0,-6.64990234375,7103.60009765625,7119.85009765625,7082.64990234375,7085.14990234375,178.0
385,6980.10009765625,6979.0,-1.10009765625,7013.0,7019.9501953125,6980.10009765625,6991.9501953125,376.0
549,7082.64990234375,7076.0,-6.64990234375,7103.60009765625,7119.85009765625,7082.64990234375,7085.14990234375,178.0
385,6980.10009765625,6979.0,-1.10009765625,7013.0,7019.9501953125,6980.10009765625,6991.9501953125,376.0
549,7082.64990234375,7076.0,-6.64990234375,7103.60009765625,7119.85009765625,7082.64990234375,7085.14990234375,178.0
385,6980.10009765625,6979.0,-1.10009765625,7013.0,7019.9501953125,6980.10009765625,6991.9501953125,376.0
549,7082.64990234375,7076.0,-6.64990234375,7103.60009765625,7119.85009765625,7082.64990234375,7085.14990234375,178.0
549,7082.64990234375,7076.0,-6.64990234375,7103.60009765625,7119.85009765625,7082.64990234375,7085.14990234375,178.0
389,6967.35009765625,6967.0,-0.35009765625,6976.0,6979.0,6967.35009765625,6970.9501953125,386.0
549,7082.64990234375,7076.0,-6.64990234375,7103.60009765625,7119.85009765625,7082.64990234375,7085.14990234375,178.0
389,6967.35009765625,6967.0,-0.35009765625,6976.0,6979.0,6967.35009765625,6970.9501953125,386.0
549,7082.64990234375,7076.0,-6.64990234375,7103.60009765625,7119.85009765625,7082.64990234375,7085.14990234375,178.0
389,6967.35009765625,6967.0,-0.35009765625,6976.0,6979.0,6967.35009765625,6970.9501953125,386.0
549,7082.64990234375,7076.0,-6.64990234375,7103.60009765625,7119.85009765625,7082.64990234375,7085.14990234375,178.0
549,7082.64990234375,7076.0,-6.64990234375,7103.60009765625,7119.85009765625,7082.64990234375,7085.14990234375,178.0
549,7082.64990234375,7076.0,-6.64990234375,7103.60009765625,7119.85009765625,7082.64990234375,7085.14990234375,178.0
549,7082.64990234375,7076.0,-6.64990234375,7103.60009765625,7119.85009765625,7082.64990234375,7085.14990234375,178.0
549,7082.64990234375,7076.0,-6.64990234375,7103.60009765625,7119.85009765625,7082.64990234375,7085.14990234375,178.0
549,7082.64990234375,7076.0,-6.64990234375,7103.60009765625,7119.85009765625,7082.64990234375,7085.14990234375,178.0
549,7082.64990234375,7076.0,-6.64990234375,7103.60009765625,7119.85009765625,7082.64990234375,7085.14990234375,178.0
549,7082.64990234375,7076.0,-6.64990234375,7103.60009765625,7119.85009765625,7082.64990234375,7085.14990234375,178.0
549,7082.64990234375,7076.0,-6.64990234375,7103.60009765625,7119.85009765625,7082.64990234375,7085.14990234375,178.0
549,7082.64990234375,7076.0,-6.64990234375,7103.60009765625,7119.85009765625,7082.64990234375,7085.14990234375,178.0
549,7082.64990234375,7076.0,-6.64990234375,7103.60009765625,7119.85009765625,7082.64990234375,7085.14990234375,178.0
549,7082.64990234375,7076.0,-6.64990234375,7103.60009765625,7119.85009765625,7082.64990234375,7085.14990234375,178.0
549,7082.64990234375,7076.0,-6.64990234375,7103.60009765625,7119.85009765625,7082.64990234375,7085.14990234375,178.0
549,7082.64990234375,7076.0,-6.64990234375,7103.60009765625,7119.85009765625,7082.64990234375,7085.14990234375,178.0
549,7082.64990234375,7076.0,-6.64990234375,7103.60009765625,7119.85009765625,7082.64990234375,7085.14990234375,178.0
549,7082.64990234375,7076.0,-6.64990234375,7103.60009765625,7119.85009765625,7082.64990234375,7085.14990234375,178.0
549,7082.64990234375,7076.0,-6.64990234375,7103.60009765625,7119.85009765625,7082.64990234375,7085.14990234375,178.0
549,7082.64990234375,7076.0,-6.64990234375,7103.60009765625,7119.85009765625,7082.64990234375,7085.14990234375,178.0
549,7082.64990234375,7076.0,-6.64990234375,7103.60009765625,7119.85009765625,7082.64990234375,7085.14990234375,178.0
549,7082.64990234375,7076.0,-6.64990234375,7103.60009765625,7119.85009765625,7082.64990234375,7085.14990234375,178.0
549,7082.64990234375,7076.0,-6.64990234375,7103.60009765625,7119.85009765625,7082.64990234375,7085.14990234375,178.0
549,7082.64990234375,7076.0,-6.64990234375,7103.60009765625,7119.85009765625,7082.64990234375,7085.14990234375,178.0
549,7082.64990234375,7076.0,-6.64990234375,7103.60009765625,7119.85009765625,7082.64990234375,7085.14990234375,178.0
549,7082.64990234375,7076.0,-6.64990234375,7103.60009765625,7119.85009765625,7082.64990234375,7085.14990234375,178.0
549,7082.64990234375,7076.0,-6.64990234375,7103.60009765625,7119.85009765625,7082.64990234375,7085.14990234375,178.0
549,7082.64990234375,7076.0,-6.64990234375,7103.60009765625,7119.85009765625,7082.64990234375,7085.14990234375,178.0
549,7082.64990234375,7076.0,-6.64990234375,7103.60009765625,7119.85009765625,7082.64990234375,7085.14990234375,178.0
549,7082.64990234375,7076.0,-6.64990234375,7103.60009765625,7119.85009765625,7082.64990234375,7085.14990234375,178.0
549,7082.64990234375,7076.0,-6.64990234375,7103.60009765625,7119.85009765625,7082.64990234375,7085.14990234375,178.0
549,7082.64990234375,7076.0,-6.64990234375,7103.60009765625,7119.85009765625,7082.64990234375,7085.14990234375,178.0
549,7082.64990234375,7076.0,-6.64990234375,7103.60009765625,7119.85009765625,7082.64990234375,7085.14990234375,178.0
549,7082.64990234375,7076.0,-6.64990234375,7103.60009765625,7119.85009765625,7082.64990234375,7085.14990234375,178.0
549,7082.64990234375,7076.0,-6.64990234375,7103.60009765625,7119.85009765625,7082.64990234375,7085.14990234375,178.0
549,7082.64990234375,7076.0,-6.64990234375,7103.60009765625,7119.85009765625,7082.64990234375,7085.14990234375,178.0
549,7082.64990234375,7076.0,-6.64990234375,7103.60009765625,7119.85009765625,7082.64990234375,7085.14990234375,178.0
549,7082.64990234375,7076.0,-6.64990234375,7103.60009765625,7119.85009765625,7082.64990234375,7085.14990234375,178.0
549,7082.64990234375,7076.0,-6.64990234375,7103.60009765625,7119.85009765625,7082.64990234375,7085.14990234375,178.0
549,7082.64990234375,7076.0,-6.64990234375,7103.60009765625,7119.85009765625,7082.64990234375,7085.14990234375,178.0
549,7082.64990234375,7076.0,-6.64990234375,7103.60009765625,7119.85009765625,7082.64990234375,7085.14990234375,178.0
549,7082.64990234375,7076.0,-6.64990234375,7103.60009765625,7119.85009765625,7082.64990234375,7085.14990234375,178.0
549,7082.64990234375,7076.0,-6.64990234375,7103.60009765625,7119.85009765625,7082.64990234375,7085.14990234375,178.0
549,7082.64990234375,7076.0,-6.64990234375,7103.60009765625,7119.85009765625,7082.64990234375,7085.14990234375,178.0
549,7082.64990234375,7076.0,-6.64990234375,7103.60009765625,7119.85009765625,7082.64990234375,7085.14990234375,178.0
549,7082.64990234375,7076.0,-6.64990234375,7103.60009765625,7119.85009765625,7082.64990234375,7085.14990234375,178.0
549,7082.64990234375,7076.0,-6.64990234375,7103.60009765625,7119.85009765625,7082.64990234375,7085.14990234375,178.0
549,7082.64990234375,7076.0,-6.64990234375,7103.60009765625,7119.85009765625,7082.64990234375,7085.14990234375,178.0
549,7082.64990234375,7076.0,-6.64990234375,7103.60009765625,7119.85009765625,7082.64990234375,7085.14990234375,178.0
549,7082.64990234375,7076.0,-6.64990234375,7103.60009765625,7119.85009765625,7082.64990234375,7085.14990234375,178.0
549,7082.64990234375,7076.0,-6.64990234375,7103.60009765625,7119.85009765625,7082.64990234375,7085.14990234375,178.0
549,7082.64990234375,7076.0,-6.64990234375,7103.60009765625,7119.85009765625,7082.64990234375,7085.14990234375,178.0
549,7082.64990234375,7076.0,-6.64990234375,7103.60009765625,7119.85009765625,7082.64990234375,7085.14990234375,178.0
549,7082.64990234375,7076.0,-6.64990234375,7103.60009765625,7119.85009765625,7082.64990234375,7085.14990234375,178.0
549,7082.64990234375,7076.0,-6.64990234375,7103.60009765625,7119.85009765625,7082.64990234375,7085.14990234375,178.0
549,7082.64990234375,7076.0,-6.64990234375,7103.60009765625,7119.85009765625,7082.64990234375,7085.14990234375,178.0
549,7082.64990234375,7076.0,-6.64990234375,7103.60009765625,7119.85009765625,7082.64990234375,7085.14990234375,178.0
549,7082.64990234375,7076.0,-6.64990234375,7103.60009765625,7119.85009765625,7082.64990234375,7085.14990234375,178.0
549,7082.64990234375,7076.0,-6.64990234375,7103.60009765625,7119.85009765625,7082.64990234375,7085.14990234375,178.0
549,7082.64990234375,7076.0,-6.64990234375,7103.60009765625,7119.85009765625,7082.64990234375,7085.14990234375,178.0
549,7082.64990234375,7076.0,-6.64990234375,7103.60009765625,7119.85009765625,7082.64990234375,7085.14990234375,178.0
549,7082.64990234375,7076.0,-6.64990234375,7103.60009765625,7119.85009765625,7082.64990234375,7085.14990234375,178.0
549,7082.64990234375,7076.0,-6.64990234375,7103.60009765625,7119.85009765625,7082.64990234375,7085.14990234375,178.0
450,6860.0,6856.5498046875,-3.4501953125,6897.5498046875,6897.64990234375,6869.75,6895.9501953125,449.0
549,7082.64990234375,7076.0,-6.64990234375,7103.60009765625,7119.85009765625,7082.64990234375,7085.14990234375,178.0
549,7082.64990234375,7076.0,-6.64990234375,7103.60009765625,7119.85009765625,7082.64990234375,7085.14990234375,178.0
549,7082.64990234375,7076.0,-6.64990234375,7103.60009765625,7119.85009765625,7082.64990234375,7085.14990234375,178.0
549,7082.64990234375,7076.0,-6.64990234375,7103.60009765625,7119.85009765625,7082.64990234375,7085.14990234375,178.0
549,7082.64990234375,7076.0,-6.64990234375,7103.60009765625,7119.85009765625,7082.64990234375,7085.14990234375,178.0
549,7082.64990234375,7076.0,-6.64990234375,7103.60009765625,7119.85009765625,7082.64990234375,7085.14990234375,178.0
549,7082.64990234375,7076.0,-6.64990234375,7103.60009765625,7119.85009765625,7082.64990234375,7085.14990234375,178.0
549,7082.64990234375,7076.0,-6.64990234375,7103.60009765625,7119.85009765625,7082.64990234375,7085.14990234375,178.0
549,7082.64990234375,7076.0,-6.64990234375,7103.60009765625,7119.85009765625,7082.64990234375,7085.14990234375,178.0
549,7082.64990234375,7076.0,-6.64990234375,7103.60009765625,7119.85009765625,7082.64990234375,7085.14990234375,178.0
549,6853.60009765625,6852.89990234375,-0.7001953125,6860.0,6872.5,6853.60009765625,6863.39990234375,459.0
549,7082.64990234375,7076.0,-6.64990234375,7103.60009765625,7119.85009765625,7082.64990234375,7085.14990234375,178.0
549,6853.60009765625,6852.89990234375,-0.7001953125,6860.0,6872.5,6853.60009765625,6863.39990234375,459.0
549,7082.64990234375,7076.0,-6.64990234375,7103.60009765625,7119.85009765625,7082.64990234375,7085.14990234375,178.0
549,6853.60009765625,6852.89990234375,-0.7001953125,6860.0,6872.5,6853.60009765625,6863.39990234375,459.0
549,7082.64990234375,7076.0,-6.64990234375,7103.60009765625,7119.85009765625,7082.64990234375,7085.14990234375,178.0
549,6853.60009765625,6852.89990234375,-0.7001953125,6860.0,6872.5,6853.60009765625,6863.39990234375,459.0
549,7082.64990234375,7076.0,-6.64990234375,7103.60009765625,7119.85009765625,7082.64990234375,7085.14990234375,178.0
549,6853.60009765625,6852.89990234375,-0.7001953125,6860.0,6872.5,6853.60009765625,6863.39990234375,459.0
549,7082.64990234375,7076.0,-6.64990234375,7103.60009765625,7119.85009765625,7082.64990234375,7085.14990234375,178.0
549,6853.60009765625,6852.89990234375,-0.7001953125,6860.0,6872.5,6853.60009765625,6863.39990234375,459.0
549,7082.64990234375,7076.0,-6.64990234375,7103.60009765625,7119.85009765625,7082.64990234375,7085.14990234375,178.0
549,6853.60009765625,6852.89990234375,-0.7001953125,6860.0,6872.5,6853.60009765625,6863.39990234375,459.0
549,7082.64990234375,7076.0,-6.64990234375,7103.60009765625,7119.85009765625,7082.64990234375,7085.14990234375,178.0
549,6853.60009765625,6852.89990234375,-0.7001953125,6860.0,6872.5,6853.60009765625,6863.39990234375,459.0
549,7082.64990234375,7076.0,-6.64990234375,7103.60009765625,7119.85009765625,7082.64990234375,7085.14990234375,178.0
549,6853.60009765625,6852.89990234375,-0.7001953125,6860.0,6872.5,6853.60009765625,6863.39990234375,459.0
549,7082.64990234375,7076.0,-6.64990234375,7103.60009765625,7119.85009765625,7082.64990234375,7085.14990234375,178.0
549,6853.60009765625,6852.89990234375,-0.7001953125,6860.0,6872.5,6853.60009765625,6863.39990234375,459.0
549,7082.64990234375,7076.0,-6.64990234375,7103.60009765625,7119.85009765625,7082.64990234375,7085.14990234375,178.0
549,6853.60009765625,6852.89990234375,-0.7001953125,6860.0,6872.5,6853.60009765625,6863.39990234375,459.0
549,7082.64990234375,7076.0,-6.64990234375,7103.60009765625,7119.85009765625,7082.64990234375,7085.14990234375,178.0
549,6853.60009765625,6852.89990234375,-0.7001953125,6860.0,6872.5,6853.60009765625,6863.39990234375,459.0
549,7082.64990234375,7076.0,-6.64990234375,7103.60009765625,7119.85009765625,7082.64990234375,7085.14990234375,178.0
549,6853.60009765625,6852.89990234375,-0.7001953125,6860.0,6872.5,6853.60009765625,6863.39990234375,459.0
549,7082.64990234375,7076.0,-6.64990234375,7103.60009765625,7119.85009765625,7082.64990234375,7085.14990234375,178.0
549,6853.60009765625,6852.89990234375,-0.7001953125,6860.0,6872.5,6853.60009765625,6863.39990234375,459.0
549,7082.64990234375,7076.0,-6.64990234375,7103.60009765625,7119.85009765625,7082.64990234375,7085.14990234375,178.0
549,6853.60009765625,6852.89990234375,-0.7001953125,6860.0,6872.5,6853.60009765625,6863.39990234375,459.0
549,7082.64990234375,7076.0,-6.64990234375,7103.60009765625,7119.85009765625,7082.64990234375,7085.14990234375,178.0
549,6853.60009765625,6852.89990234375,-0.7001953125,6860.0,6872.5,6853.60009765625,6863.39990234375,459.0
549,7082.64990234375,7076.0,-6.64990234375,7103.60009765625,7119.85009765625,7082.64990234375,7085.14990234375,178.0
549,6853.60009765625,6852.89990234375,-0.7001953125,6860.0,6872.5,6853.60009765625,6863.39990234375,459.0
476,6783.2998046875,6781.75,-1.5498046875,6796.0498046875,6835.85009765625,6783.2998046875,6789.7998046875,475.0
549,7082.64990234375,7076.0,-6.64990234375,7103.60009765625,7119.85009765625,7082.64990234375,7085.14990234375,178.0
549,6853.60009765625,6852.89990234375,-0.7001953125,6860.0,6872.5,6853.60009765625,6863.39990234375,459.0
549,7082.64990234375,7076.0,-6.64990234375,7103.60009765625,7119.85009765625,7082.64990234375,7085.14990234375,178.0
549,6853.60009765625,6852.89990234375,-0.7001953125,6860.0,6872.5,6853.60009765625,6863.39990234375,459.0
549,7082.64990234375,7076.0,-6.64990234375,7103.60009765625,7119.85009765625,7082.64990234375,7085.14990234375,178.0
549,6853.60009765625,6852.89990234375,-0.7001953125,6860.0,6872.5,6853.60009765625,6863.39990234375,459.0
549,7082.64990234375,7076.0,-6.64990234375,7103.60009765625,7119.85009765625,7082.64990234375,7085.14990234375,178.0
549,6853.60009765625,6852.89990234375,-0.7001953125,6860.0,6872.5,6853.60009765625,6863.39990234375,459.0
549,7082.64990234375,7076.0,-6.64990234375,7103.60009765625,7119.85009765625,7082.64990234375,7085.14990234375,178.0
549,6853.60009765625,6852.89990234375,-0.7001953125,6860.0,6872.5,6853.60009765625,6863.39990234375,459.0
549,7082.64990234375,7076.0,-6.64990234375,7103.60009765625,7119.85009765625,7082.64990234375,7085.14990234375,178.0
549,6853.60009765625,6852.89990234375,-0.7001953125,6860.0,6872.5,6853.60009765625,6863.39990234375,459.0
549,7082.64990234375,7076.0,-6.64990234375,7103.60009765625,7119.85009765625,7082.64990234375,7085.14990234375,178.0
549,6853.60009765625,6852.89990234375,-0.7001953125,6860.0,6872.5,6853.60009765625,6863.39990234375,459.0
549,7082.64990234375,7076.0,-6.64990234375,7103.60009765625,7119.85009765625,7082.64990234375,7085.14990234375,178.0
549,6853.60009765625,6852.89990234375,-0.7001953125,6860.0,6872.5,6853.60009765625,6863.39990234375,459.0
549,7082.64990234375,7076.0,-6.64990234375,7103.60009765625,7119.85009765625,7082.64990234375,7085.14990234375,178.0
549,6853.60009765625,6852.89990234375,-0.7001953125,6860.0,6872.5,6853.60009765625,6863.39990234375,459.0
549,7082.64990234375,7076.0,-6.64990234375,7103.60009765625,7119.85009765625,7082.64990234375,7085.14990234375,178.0
549,6853.60009765625,6852.89990234375,-0.7001953125,6860.0,6872.5,6853.60009765625,6863.39990234375,459.0
549,7082.64990234375,7076.0,-6.64990234375,7103.60009765625,7119.85009765625,7082.64990234375,7085.14990234375,178.0
549,6853.60009765625,6852.89990234375,-0.7001953125,6860.0,6872.5,6853.60009765625,6863.39990234375,459.0
549,7082.64990234375,7076.0,-6.64990234375,7103.60009765625,7119.85009765625,7082.64990234375,7085.14990234375,178.0
549,6853.60009765625,6852.89990234375,-0.7001953125,6860.0,6872.5,6853.60009765625,6863.39990234375,459.0
549,7082.64990234375,7076.0,-6.64990234375,7103.60009765625,7119.85009765625,7082.64990234375,7085.14990234375,178.0
549,6853.60009765625,6852.89990234375,-0.7001953125,6860.0,6872.5,6853.60009765625,6863.39990234375,459.0
549,7082.64990234375,7076.0,-6.64990234375,7103.60009765625,7119.85009765625,7082.64990234375,7085.14990234375,178.0
549,6853.60009765625,6852.89990234375,-0.7001953125,6860.0,6872.5,6853.60009765625,6863.39990234375,459.0
549,7082.64990234375,7076.0,-6.64990234375,7103.60009765625,7119.85009765625,7082.64990234375,7085.14990234375,178.0
549,6853.60009765625,6852.89990234375,-0.7001953125,6860.0,6872.5,6853.60009765625,6863.39990234375,459.0
549,7082.64990234375,7076.0,-6.64990234375,7103.60009765625,7119.85009765625,7082.64990234375,7085.14990234375,178.0
549,6853.60009765625,6852.89990234375,-0.7001953125,6860.0,6872.5,6853.60009765625,6863.39990234375,459.0
549,7082.64990234375,7076.0,-6.64990234375,7103.60009765625,7119.85009765625,7082.64990234375,7085.14990234375,178.0
549,6853.60009765625,6852.89990234375,-0.7001953125,6860.0,6872.5,6853.60009765625,6863.39990234375,459.0
549,7082.64990234375,7076.0,-6.64990234375,7103.60009765625,7119.85009765625,7082.64990234375,7085.14990234375,178.0
549,6853.60009765625,6852.89990234375,-0.7001953125,6860.0,6872.5,6853.60009765625,6863.39990234375,459.0
549,7082.64990234375,7076.0,-6.64990234375,7103.60009765625,7119.85009765625,7082.64990234375,7085.14990234375,178.0
549,6853.60009765625,6852.89990234375,-0.7001953125,6860.0,6872.5,6853.60009765625,6863.39990234375,459.0
549,7082.64990234375,7076.0,-6.64990234375,7103.60009765625,7119.85009765625,7082.64990234375,7085.14990234375,178.0
549,6853.60009765625,6852.89990234375,-0.7001953125,6860.0,6872.5,6853.60009765625,6863.39990234375,459.0
549,7082.64990234375,7076.0,-6.64990234375,7103.60009765625,7119.85009765625,7082.64990234375,7085.14990234375,178.0
549,6853.60009765625,6852.89990234375,-0.7001953125,6860.0,6872.5,6853.60009765625,6863.39990234375,459.0
549,7082.64990234375,7076.0,-6.64990234375,7103.60009765625,7119.85009765625,7082.64990234375,7085.14990234375,178.0
549,6853.60009765625,6852.89990234375,-0.7001953125,6860.0,6872.5,6853.60009765625,6863.39990234375,459.0
549,7082.64990234375,7076.0,-6.64990234375,7103.60009765625,7119.85009765625,7082.64990234375,7085.14990234375,178.0
549,6853.60009765625,6852.89990234375,-0.7001953125,6860.0,6872.5,6853.60009765625,6863.39990234375,459.0
549,7082.64990234375,7076.0,-6.64990234375,7103.60009765625,7119.85009765625,7082.64990234375,7085.14990234375,178.0
549,6853.60009765625,6852.89990234375,-0.7001953125,6860.0,6872.5,6853.60009765625,6863.39990234375,459.0
549,7082.64990234375,7076.0,-6.64990234375,7103.60009765625,7119.85009765625,7082.64990234375,7085.14990234375,178.0
549,6853.60009765625,6852.89990234375,-0.7001953125,6860.0,6872.5,6853.60009765625,6863.39990234375,459.0
549,7082.64990234375,7076.0,-6.64990234375,7103.60009765625,7119.85009765625,7082.64990234375,7085.14990234375,178.0
549,6853.60009765625,6852.89990234375,-0.7001953125,6860.0,6872.5,6853.60009765625,6863.39990234375,459.0
549,7082.64990234375,7076.0,-6.64990234375,7103.60009765625,7119.85009765625,7082.64990234375,7085.14990234375,178.0
549,6853.60009765625,6852.89990234375,-0.7001953125,6860.0,6872.5,6853.60009765625,6863.39990234375,459.0
549,7082.64990234375,7076.0,-6.64990234375,7103.60009765625,7119.85009765625,7082.64990234375,7085.14990234375,178.0
549,6853.60009765625,6852.89990234375,-0.7001953125,6860.0,6872.5,6853.60009765625,6863.39990234375,459.0
549,7082.64990234375,7076.0,-6.64990234375,7103.60009765625,7119.85009765625,7082.64990234375,7085.14990234375,178.0
549,6853.60009765625,6852.89990234375,-0.7001953125,6860.0,6872.5,6853.60009765625,6863.39990234375,459.0
549,6654.7998046875,6638.35009765625,-16.44970703125,6660.0,6685.0,6654.7998046875,6669.2998046875,504.0
549,7082.64990234375,7076.0,-6.64990234375,7103.60009765625,7119.85009765625,7082.64990234375,7085.14990234375,178.0
549,6853.60009765625,6852.89990234375,-0.7001953125,6860.0,6872.5,6853.60009765625,6863.39990234375,459.0
549,6654.7998046875,6638.35009765625,-16.44970703125,6660.0,6685.0,6654.7998046875,6669.2998046875,504.0
549,7082.64990234375,7076.0,-6.64990234375,7103.60009765625,7119.85009765625,7082.64990234375,7085.14990234375,178.0
549,6853.60009765625,6852.89990234375,-0.7001953125,6860.0,6872.5,6853.60009765625,6863.39990234375,459.0
549,6654.7998046875,6638.35009765625,-16.44970703125,6660.0,6685.0,6654.7998046875,6669.2998046875,504.0
549,7082.64990234375,7076.0,-6.64990234375,7103.60009765625,7119.85009765625,7082.64990234375,7085.14990234375,178.0
549,6853.60009765625,6852.89990234375,-0.7001953125,6860.0,6872.5,6853.60009765625,6863.39990234375,459.0
549,6654.7998046875,6638.35009765625,-16.44970703125,6660.0,6685.0,6654.7998046875,6669.2998046875,504.0
549,7082.64990234375,7076.0,-6.64990234375,7103.60009765625,7119.85009765625,7082.64990234375,7085.14990234375,178.0
549,6853.60009765625,6852.89990234375,-0.7001953125,6860.0,6872.5,6853.60009765625,6863.39990234375,459.0
549,6654.7998046875,6638.35009765625,-16.44970703125,6660.0,6685.0,6654.7998046875,6669.2998046875,504.0
549,7082.64990234375,7076.0,-6.64990234375,7103.60009765625,7119.85009765625,7082.64990234375,7085.14990234375,178.0
549,6853.60009765625,6852.89990234375,-0.7001953125,6860.0,6872.5,6853.60009765625,6863.39990234375,459.0
549,6654.7998046875,6638.35009765625,-16.44970703125,6660.0,6685.0,6654.7998046875,6669.2998046875,504.0
549,7082.64990234375,7076.0,-6.64990234375,7103.60009765625,7119.85009765625,7082.64990234375,7085.14990234375,178.0
549,6853.60009765625,6852.89990234375,-0.7001953125,6860.0,6872.5,6853.60009765625,6863.39990234375,459.0
549,6654.7998046875,6638.35009765625,-16.44970703125,6660.0,6685.0,6654.7998046875,6669.2998046875,504.0
549,7082.64990234375,7076.0,-6.64990234375,7103.60009765625,7119.85009765625,7082.64990234375,7085.14990234375,178.0
549,6853.60009765625,6852.89990234375,-0.7001953125,6860.0,6872.5,6853.60009765625,6863.39990234375,459.0
549,6654.7998046875,6638.35009765625,-16.44970703125,6660.0,6685.0,6654.7998046875,6669.2998046875,504.0
549,7082.64990234375,7076.0,-6.64990234375,7103.60009765625,7119.85009765625,7082.64990234375,7085.14990234375,178.0
549,6853.60009765625,6852.89990234375,-0.7001953125,6860.0,6872.5,6853.60009765625,6863.39990234375,459.0
549,6654.7998046875,6638.35009765625,-16.44970703125,6660.0,6685.0,6654.7998046875,6669.2998046875,504.0
549,7082.64990234375,7076.0,-6.64990234375,7103.60009765625,7119.85009765625,7082.64990234375,7085.14990234375,178.0
549,6853.60009765625,6852.89990234375,-0.7001953125,6860.0,6872.5,6853.60009765625,6863.39990234375,459.0
549,6654.7998046875,6638.35009765625,-16.44970703125,6660.0,6685.0,6654.7998046875,6669.2998046875,504.0
549,7082.64990234375,7076.0,-6.64990234375,7103.60009765625,7119.85009765625,7082.64990234375,7085.14990234375,178.0
549,6853.60009765625,6852.89990234375,-0.7001953125,6860.0,6872.5,6853.60009765625,6863.39990234375,459.0
549,6654.7998046875,6638.35009765625,-16.44970703125,6660.0,6685.0,6654.7998046875,6669.2998046875,504.0
549,7082.64990234375,7076.0,-6.64990234375,7103.60009765625,7119.85009765625,7082.64990234375,7085.14990234375,178.0
549,6853.60009765625,6852.89990234375,-0.7001953125,6860.0,6872.5,6853.60009765625,6863.39990234375,459.0
549,6654.7998046875,6638.35009765625,-16.44970703125,6660.0,6685.0,6654.7998046875,6669.2998046875,504.0
549,7082.64990234375,7076.0,-6.64990234375,7103.60009765625,7119.85009765625,7082.64990234375,7085.14990234375,178.0
549,6853.60009765625,6852.89990234375,-0.7001953125,6860.0,6872.5,6853.60009765625,6863.39990234375,459.0
549,6654.7998046875,6638.35009765625,-16.44970703125,6660.0,6685.0,6654.7998046875,6669.2998046875,504.0
549,7082.64990234375,7076.0,-6.64990234375,7103.60009765625,7119.85009765625,7082.64990234375,7085.14990234375,178.0
549,6853.60009765625,6852.89990234375,-0.7001953125,6860.0,6872.5,6853.60009765625,6863.39990234375,459.0
549,6654.7998046875,6638.35009765625,-16.44970703125,6660.0,6685.0,6654.7998046875,6669.2998046875,504.0
549,7082.64990234375,7076.0,-6.64990234375,7103.60009765625,7119.85009765625,7082.64990234375,7085.14990234375,178.0
549,6853.60009765625,6852.89990234375,-0.7001953125,6860.0,6872.5,6853.60009765625,6863.39990234375,459.0
549,6654.7998046875,6638.35009765625,-16.44970703125,6660.0,6685.0,6654.7998046875,6669.2998046875,504.0
549,7082.64990234375,7076.0,-6.64990234375,7103.60009765625,7119.85009765625,7082.64990234375,7085.14990234375,178.0
549,6853.60009765625,6852.89990234375,-0.7001953125,6860.0,6872.5,6853.60009765625,6863.39990234375,459.0
549,6654.7998046875,6638.35009765625,-16.44970703125,6660.0,6685.0,6654.7998046875,6669.2998046875,504.0
549,7082.64990234375,7076.0,-6.64990234375,7103.60009765625,7119.85009765625,7082.64990234375,7085.14990234375,178.0
549,6853.60009765625,6852.89990234375,-0.7001953125,6860.0,6872.5,6853.60009765625,6863.39990234375,459.0
549,6654.7998046875,6638.35009765625,-16.44970703125,6660.0,6685.0,6654.7998046875,6669.2998046875,504.0
549,7082.64990234375,7076.0,-6.64990234375,7103.60009765625,7119.85009765625,7082.64990234375,7085.14990234375,178.0
549,6853.60009765625,6852.89990234375,-0.7001953125,6860.0,6872.5,6853.60009765625,6863.39990234375,459.0
549,6654.7998046875,6638.35009765625,-16.44970703125,6660.0,6685.0,6654.7998046875,6669.2998046875,504.0
549,7082.64990234375,7076.0,-6.64990234375,7103.60009765625,7119.85009765625,7082.64990234375,7085.14990234375,178.0
549,6853.60009765625,6852.89990234375,-0.7001953125,6860.0,6872.5,6853.60009765625,6863.39990234375,459.0
549,6654.7998046875,6638.35009765625,-16.44970703125,6660.0,6685.0,6654.7998046875,6669.2998046875,504.0
549,7082.64990234375,7076.0,-6.64990234375,7103.60009765625,7119.85009765625,7082.64990234375,7085.14990234375,178.0
549,6853.60009765625,6852.89990234375,-0.7001953125,6860.0,6872.5,6853.60009765625,6863.39990234375,459.0
549,6654.7998046875,6638.35009765625,-16.44970703125,6660.0,6685.0,6654.7998046875,6669.2998046875,504.0
549,7082.64990234375,7076.0,-6.64990234375,7103.60009765625,7119.85009765625,7082.64990234375,7085.14990234375,178.0
549,6853.60009765625,6852.89990234375,-0.7001953125,6860.0,6872.5,6853.60009765625,6863.39990234375,459.0
549,6654.7998046875,6638.35009765625,-16.44970703125,6660.0,6685.0,6654.7998046875,6669.2998046875,504.0
549,7082.64990234375,7076.0,-6.64990234375,7103.60009765625,7119.85009765625,7082.64990234375,7085.14990234375,178.0
549,6853.60009765625,6852.89990234375,-0.7001953125,6860.0,6872.5,6853.60009765625,6863.39990234375,459.0
549,6654.7998046875,6638.35009765625,-16.44970703125,6660.0,6685.0,6654.7998046875,6669.2998046875,504.0
549,7082.64990234375,7076.0,-6.64990234375,7103.60009765625,7119.85009765625,7082.64990234375,7085.14990234375,178.0
549,6853.60009765625,6852.89990234375,-0.7001953125,6860.0,6872.5,6853.60009765625,6863.39990234375,459.0
549,6654.7998046875,6638.35009765625,-16.44970703125,6660.0,6685.0,6654.7998046875,6669.2998046875,504.0
549,7082.64990234375,7076.0,-6.64990234375,7103.60009765625,7119.85009765625,7082.64990234375,7085.14990234375,178.0
549,6853.60009765625,6852.89990234375,-0.7001953125,6860.0,6872.5,6853.60009765625,6863.39990234375,459.0
549,6654.7998046875,6638.35009765625,-16.44970703125,6660.0,6685.0,6654.7998046875,6669.2998046875,504.0
549,7082.64990234375,7076.0,-6.64990234375,7103.60009765625,7119.85009765625,7082.64990234375,7085.14990234375,178.0
549,6853.60009765625,6852.89990234375,-0.7001953125,6860.0,6872.5,6853.60009765625,6863.39990234375,459.0
549,6654.7998046875,6638.35009765625,-16.44970703125,6660.0,6685.0,6654.7998046875,6669.2998046875,504.0
549,7082.64990234375,7076.0,-6.64990234375,7103.60009765625,7119.85009765625,7082.64990234375,7085.14990234375,178.0
549,6853.60009765625,6852.89990234375,-0.7001953125,6860.0,6872.5,6853.60009765625,6863.39990234375,459.0
549,6654.7998046875,6638.35009765625,-16.44970703125,6660.0,6685.0,6654.7998046875,6669.2998046875,504.0
549,7082.64990234375,7076.0,-6.64990234375,7103.60009765625,7119.85009765625,7082.64990234375,7085.14990234375,178.0
549,6853.60009765625,6852.89990234375,-0.7001953125,6860.0,6872.5,6853.60009765625,6863.39990234375,459.0
549,6654.7998046875,6638.35009765625,-16.44970703125,6660.0,6685.0,6654.7998046875,6669.2998046875,504.0
549,7082.64990234375,7076.0,-6.64990234375,7103.60009765625,7119.85009765625,7082.64990234375,7085.14990234375,178.0
549,6853.60009765625,6852.89990234375,-0.7001953125,6860.0,6872.5,6853.60009765625,6863.39990234375,459.0
549,6654.7998046875,6638.35009765625,-16.44970703125,6660.0,6685.0,6654.7998046875,6669.2998046875,504.0
549,7082.64990234375,7076.0,-6.64990234375,7103.60009765625,7119.85009765625,7082.64990234375,7085.14990234375,178.0
549,6853.60009765625,6852.89990234375,-0.7001953125,6860.0,6872.5,6853.60009765625,6863.39990234375,459.0
549,6654.7998046875,6638.35009765625,-16.44970703125,6660.0,6685.0,6654.7998046875,6669.2998046875,504.0
549,7082.64990234375,7076.0,-6.64990234375,7103.60009765625,7119.85009765625,7082.64990234375,7085.14990234375,178.0
549,6853.60009765625,6852.89990234375,-0.7001953125,6860.0,6872.5,6853.60009765625,6863.39990234375,459.0
549,6654.7998046875,6638.35009765625,-16.44970703125,6660.0,6685.0,6654.7998046875,6669.2998046875,504.0
549,7082.64990234375,7076.0,-6.64990234375,7103.60009765625,7119.85009765625,7082.64990234375,7085.14990234375,178.0
549,6853.60009765625,6852.89990234375,-0.7001953125,6860.0,6872.5,6853.60009765625,6863.39990234375,459.0
549,6654.7998046875,6638.35009765625,-16.44970703125,6660.0,6685.0,6654.7998046875,6669.2998046875,504.0
549,7082.64990234375,7076.0,-6.64990234375,7103.60009765625,7119.85009765625,7082.64990234375,7085.14990234375,178.0
549,6853.60009765625,6852.89990234375,-0.7001953125,6860.0,6872.5,6853.60009765625,6863.39990234375,459.0
549,6654.7998046875,6638.35009765625,-16.44970703125,6660.0,6685.0,6654.7998046875,6669.2998046875,504.0
549,7082.64990234375,7076.0,-6.64990234375,7103.60009765625,7119.85009765625,7082.64990234375,7085.14990234375,178.0
549,6853.60009765625,6852.89990234375,-0.7001953125,6860.0,6872.5,6853.60009765625,6863.39990234375,459.0
549,6654.7998046875,6638.35009765625,-16.44970703125,6660.0,6685.0,6654.7998046875,6669.2998046875,504.0
549,7082.64990234375,7076.0,-6.64990234375,7103.60009765625,7119.85009765625,7082.64990234375,7085.14990234375,178.0
549,6853.60009765625,6852.89990234375,-0.7001953125,6860.0,6872.5,6853.60009765625,6863.39990234375,459.0
549,6654.7998046875,6638.35009765625,-16.44970703125,6660.0,6685.0,6654.7998046875,6669.2998046875,504.0
549,7082.64990234375,7076.0,-6.64990234375,7103.60009765625,7119.85009765625,7082.64990234375,7085.14990234375,178.0
549,6853.60009765625,6852.89990234375,-0.7001953125,6860.0,6872.5,6853.60009765625,6863.39990234375,459.0
549,6654.7998046875,6638.35009765625,-16.44970703125,6660.0,6685.0,6654.7998046875,6669.2998046875,504.0
549,7082.64990234375,7076.0,-6.64990234375,7103.60009765625,7119.85009765625,7082.64990234375,7085.14990234375,178.0
549,6853.60009765625,6852.89990234375,-0.7001953125,6860.0,6872.5,6853.60009765625,6863.39990234375,459.0
549,6654.7998046875,6638.35009765625,-16.44970703125,6660.0,6685.0,6654.7998046875,6669.2998046875,504.0
549,7082.64990234375,7076.0,-6.64990234375,7103.60009765625,7119.85009765625,7082.64990234375,7085.14990234375,178.0
549,6853.60009765625,6852.89990234375,-0.7001953125,6860.0,6872.5,6853.60009765625,6863.39990234375,459.0
549,6654.7998046875,6638.35009765625,-16.44970703125,6660.0,6685.0,6654.7998046875,6669.2998046875,504.0
549,7082.64990234375,7076.0,-6.64990234375,7103.60009765625,7119.85009765625,7082.64990234375,7085.14990234375,178.0
549,6853.60009765625,6852.89990234375,-0.7001953125,6860.0,6872.5,6853.60009765625,6863.39990234375,459.0
549,6654.7998046875,6638.35009765625,-16.44970703125,6660.0,6685.0,6654.7998046875,6669.2998046875,504.0
549,7082.64990234375,7076.0,-6.64990234375,7103.60009765625,7119.85009765625,7082.64990234375,7085.14990234375,178.0
549,6853.60009765625,6852.89990234375,-0.7001953125,6860.0,6872.5,6853.60009765625,6863.39990234375,459.0
549,6654.7998046875,6638.35009765625,-16.44970703125,6660.0,6685.0,6654.7998046875,6669.2998046875,504.0
549,7082.64990234375,7076.0,-6.64990234375,7103.60009765625,7119.85009765625,7082.64990234375,7085.14990234375,178.0
549,6853.60009765625,6852.89990234375,-0.7001953125,6860.0,6872.5,6853.60009765625,6863.39990234375,459.0
549,6654.7998046875,6638.35009765625,-16.44970703125,6660.0,6685.0,6654.7998046875,6669.2998046875,504.0
549,7082.64990234375,7076.0,-6.64990234375,7103.60009765625,7119.85009765625,7082.64990234375,7085.14990234375,178.0
549,6853.60009765625,6852.89990234375,-0.7001953125,6860.0,6872.5,6853.60009765625,6863.39990234375,459.0
549,6654.7998046875,6638.35009765625,-16.44970703125,6660.0,6685.0,6654.7998046875,6669.2998046875,504.0
549,7082.64990234375,7076.0,-6.64990234375,7103.60009765625,7119.85009765625,7082.64990234375,7085.14990234375,178.0
549,6853.60009765625,6852.89990234375,-0.7001953125,6860.0,6872.5,6853.60009765625,6863.39990234375,459.0
549,6654.7998046875,6638.35009765625,-16.44970703125,6660.0,6685.0,6654.7998046875,6669.2998046875,504.0
549,7082.64990234375,7076.0,-6.64990234375,7103.60009765625,7119.85009765625,7082.64990234375,7085.14990234375,178.0
549,6853.60009765625,6852.89990234375,-0.7001953125,6860.0,6872.5,6853.60009765625,6863.39990234375,459.0
549,6654.7998046875,6638.35009765625,-16.44970703125,6660.0,6685.0,6654.7998046875,6669.2998046875,504.0
549,7082.64990234375,7076.0,-6.64990234375,7103.60009765625,7119.85009765625,7082.64990234375,7085.14990234375,178.0
549,6853.60009765625,6852.89990234375,-0.7001953125,6860.0,6872.5,6853.60009765625,6863.39990234375,459.0
549,6654.7998046875,6638.35009765625,-16.44970703125,6660.0,6685.0,6654.7998046875,6669.2998046875,504.0
549,7082.64990234375,7076.0,-6.64990234375,7103.60009765625,7119.85009765625,7082.64990234375,7085.14990234375,178.0
549,6853.60009765625,6852.89990234375,-0.7001953125,6860.0,6872.5,6853.60009765625,6863.39990234375,459.0
549,6654.7998046875,6638.35009765625,-16.44970703125,6660.0,6685.0,6654.7998046875,6669.2998046875,504.0
