data_for_id,imb_open,imb_close,Open,High,Low,Close,ser_no,imb_diff
53,3324.949951171875,3327.75,3303.60009765625,3324.949951171875,3295.949951171875,3320.25,52.0,2.800048828125
54,3327.75,3331.39990234375,3320.25,3327.75,3307.5,3327.75,53.0,3.64990234375
55,3327.75,3331.39990234375,3320.25,3327.75,3307.5,3327.75,53.0,3.64990234375
56,3327.75,3331.39990234375,3320.25,3327.75,3307.5,3327.75,53.0,3.64990234375
62,3290.89990234375,3298.0,3284.85009765625,3290.89990234375,3277.0,3286.10009765625,61.0,7.10009765625
76,3213.35009765625,3228.800048828125,3186.39990234375,3213.35009765625,3147.39990234375,3191.699951171875,75.0,15.449951171875
77,3213.35009765625,3222.800048828125,3186.39990234375,3213.35009765625,3147.39990234375,3191.699951171875,75.0,9.449951171875
78,3213.35009765625,3222.800048828125,3186.39990234375,3213.35009765625,3147.39990234375,3191.699951171875,75.0,9.449951171875
79,3213.35009765625,3222.800048828125,3186.39990234375,3213.35009765625,3147.39990234375,3191.699951171875,75.0,9.449951171875
80,3213.35009765625,3222.800048828125,3186.39990234375,3213.35009765625,3147.39990234375,3191.699951171875,75.0,9.449951171875
81,3213.35009765625,3222.800048828125,3186.39990234375,3213.35009765625,3147.39990234375,3191.699951171875,75.0,9.449951171875
82,3213.35009765625,3222.800048828125,3186.39990234375,3213.35009765625,3147.39990234375,3191.699951171875,75.0,9.449951171875
83,3213.35009765625,3222.800048828125,3186.39990234375,3213.35009765625,3147.39990234375,3191.699951171875,75.0,9.449951171875
84,3213.35009765625,3222.800048828125,3186.39990234375,3213.35009765625,3147.39990234375,3191.699951171875,75.0,9.449951171875
85,3213.35009765625,3222.800048828125,3186.39990234375,3213.35009765625,3147.39990234375,3191.699951171875,75.0,9.449951171875
86,3213.35009765625,3222.800048828125,3186.39990234375,3213.35009765625,3147.39990234375,3191.699951171875,75.0,9.449951171875
87,3213.35009765625,3222.800048828125,3186.39990234375,3213.35009765625,3147.39990234375,3191.699951171875,75.0,9.449951171875
88,3213.35009765625,3222.800048828125,3186.39990234375,3213.35009765625,3147.39990234375,3191.699951171875,75.0,9.449951171875
89,3213.35009765625,3222.800048828125,3186.39990234375,3213.35009765625,3147.39990234375,3191.699951171875,75.0,9.449951171875
90,3213.35009765625,3222.800048828125,3186.39990234375,3213.35009765625,3147.39990234375,3191.699951171875,75.0,9.449951171875
91,3213.35009765625,3222.800048828125,3186.39990234375,3213.35009765625,3147.39990234375,3191.699951171875,75.0,9.449951171875
92,3213.35009765625,3222.800048828125,3186.39990234375,3213.35009765625,3147.39990234375,3191.699951171875,75.0,9.449951171875
93,3213.35009765625,3222.800048828125,3186.39990234375,3213.35009765625,3147.39990234375,3191.699951171875,75.0,9.449951171875
94,3213.35009765625,3222.800048828125,3186.39990234375,3213.35009765625,3147.39990234375,3191.699951171875,75.0,9.449951171875
95,3213.35009765625,3222.800048828125,3186.39990234375,3213.35009765625,3147.39990234375,3191.699951171875,75.0,9.449951171875
96,3213.35009765625,3222.800048828125,3186.39990234375,3213.35009765625,3147.39990234375,3191.699951171875,75.0,9.449951171875
97,3213.35009765625,3222.800048828125,3186.39990234375,3213.35009765625,3147.39990234375,3191.699951171875,75.0,9.449951171875
98,3213.35009765625,3222.800048828125,3186.39990234375,3213.35009765625,3147.39990234375,3191.699951171875,75.0,9.449951171875
99,3213.35009765625,3222.800048828125,3186.39990234375,3213.35009765625,3147.39990234375,3191.699951171875,75.0,9.449951171875
100,3213.35009765625,3222.800048828125,3186.39990234375,3213.35009765625,3147.39990234375,3191.699951171875,75.0,9.449951171875
101,3213.35009765625,3222.800048828125,3186.39990234375,3213.35009765625,3147.39990234375,3191.699951171875,75.0,9.449951171875
102,3213.35009765625,3222.800048828125,3186.39990234375,3213.35009765625,3147.39990234375,3191.699951171875,75.0,9.449951171875
103,3213.35009765625,3222.800048828125,3186.39990234375,3213.35009765625,3147.39990234375,3191.699951171875,75.0,9.449951171875
104,3213.35009765625,3222.800048828125,3186.39990234375,3213.35009765625,3147.39990234375,3191.699951171875,75.0,9.449951171875
105,3213.35009765625,3222.800048828125,3186.39990234375,3213.35009765625,3147.39990234375,3191.699951171875,75.0,9.449951171875
106,3213.35009765625,3222.800048828125,3186.39990234375,3213.35009765625,3147.39990234375,3191.699951171875,75.0,9.449951171875
107,3213.35009765625,3222.800048828125,3186.39990234375,3213.35009765625,3147.39990234375,3191.699951171875,75.0,9.449951171875
108,3213.35009765625,3222.800048828125,3186.39990234375,3213.35009765625,3147.39990234375,3191.699951171875,75.0,9.449951171875
109,3213.35009765625,3222.800048828125,3186.39990234375,3213.35009765625,3147.39990234375,3191.699951171875,75.0,9.449951171875
110,3213.35009765625,3222.800048828125,3186.39990234375,3213.35009765625,3147.39990234375,3191.699951171875,75.0,9.449951171875
111,3213.35009765625,3222.800048828125,3186.39990234375,3213.35009765625,3147.39990234375,3191.699951171875,75.0,9.449951171875
112,3213.35009765625,3222.800048828125,3186.39990234375,3213.35009765625,3147.39990234375,3191.699951171875,75.0,9.449951171875
112,3287.800048828125,3292.14990234375,3281.550048828125,3287.800048828125,3272.0,3281.0,111.0,4.349853515625
113,3213.35009765625,3222.800048828125,3186.39990234375,3213.35009765625,3147.39990234375,3191.699951171875,75.0,9.449951171875
113,3287.800048828125,3290.5,3281.550048828125,3287.800048828125,3272.0,3281.0,111.0,2.699951171875
114,3213.35009765625,3222.800048828125,3186.39990234375,3213.35009765625,3147.39990234375,3191.699951171875,75.0,9.449951171875
115,3213.35009765625,3222.800048828125,3186.39990234375,3213.35009765625,3147.39990234375,3191.699951171875,75.0,9.449951171875
116,3213.35009765625,3222.800048828125,3186.39990234375,3213.35009765625,3147.39990234375,3191.699951171875,75.0,9.449951171875
117,3213.35009765625,3222.800048828125,3186.39990234375,3213.35009765625,3147.39990234375,3191.699951171875,75.0,9.449951171875
118,3213.35009765625,3222.800048828125,3186.39990234375,3213.35009765625,3147.39990234375,3191.699951171875,75.0,9.449951171875
119,3213.35009765625,3222.800048828125,3186.39990234375,3213.35009765625,3147.39990234375,3191.699951171875,75.0,9.449951171875
120,3213.35009765625,3222.800048828125,3186.39990234375,3213.35009765625,3147.39990234375,3191.699951171875,75.0,9.449951171875
121,3213.35009765625,3222.800048828125,3186.39990234375,3213.35009765625,3147.39990234375,3191.699951171875,75.0,9.449951171875
122,3213.35009765625,3222.800048828125,3186.39990234375,3213.35009765625,3147.39990234375,3191.699951171875,75.0,9.449951171875
123,3213.35009765625,3222.800048828125,3186.39990234375,3213.35009765625,3147.39990234375,3191.699951171875,75.0,9.449951171875
124,3213.35009765625,3222.800048828125,3186.39990234375,3213.35009765625,3147.39990234375,3191.699951171875,75.0,9.449951171875
125,3213.35009765625,3222.800048828125,3186.39990234375,3213.35009765625,3147.39990234375,3191.699951171875,75.0,9.449951171875
125,3317.550048828125,3346.64990234375,3317.550048828125,3317.550048828125,3302.0,3313.300048828125,124.0,29.099853515625
126,3213.35009765625,3222.800048828125,3186.39990234375,3213.35009765625,3147.39990234375,3191.699951171875,75.0,9.449951171875
126,3317.550048828125,3339.10009765625,3317.550048828125,3317.550048828125,3302.0,3313.300048828125,124.0,21.550048828125
126,3354.550048828125,3360.949951171875,3305.10009765625,3354.550048828125,3288.800048828125,3346.64990234375,125.0,6.39990234375
127,3213.35009765625,3222.800048828125,3186.39990234375,3213.35009765625,3147.39990234375,3191.699951171875,75.0,9.449951171875
127,3317.550048828125,3339.10009765625,3317.550048828125,3317.550048828125,3302.0,3313.300048828125,124.0,21.550048828125
127,3354.550048828125,3358.550048828125,3305.10009765625,3354.550048828125,3288.800048828125,3346.64990234375,125.0,4.0
128,3213.35009765625,3222.800048828125,3186.39990234375,3213.35009765625,3147.39990234375,3191.699951171875,75.0,9.449951171875
128,3317.550048828125,3334.25,3317.550048828125,3317.550048828125,3302.0,3313.300048828125,124.0,16.699951171875
129,3213.35009765625,3222.800048828125,3186.39990234375,3213.35009765625,3147.39990234375,3191.699951171875,75.0,9.449951171875
130,3213.35009765625,3222.800048828125,3186.39990234375,3213.35009765625,3147.39990234375,3191.699951171875,75.0,9.449951171875
131,3213.35009765625,3222.800048828125,3186.39990234375,3213.35009765625,3147.39990234375,3191.699951171875,75.0,9.449951171875
132,3213.35009765625,3222.800048828125,3186.39990234375,3213.35009765625,3147.39990234375,3191.699951171875,75.0,9.449951171875
133,3213.35009765625,3222.800048828125,3186.39990234375,3213.35009765625,3147.39990234375,3191.699951171875,75.0,9.449951171875
134,3213.35009765625,3222.800048828125,3186.39990234375,3213.35009765625,3147.39990234375,3191.699951171875,75.0,9.449951171875
135,3213.35009765625,3222.800048828125,3186.39990234375,3213.35009765625,3147.39990234375,3191.699951171875,75.0,9.449951171875
136,3213.35009765625,3222.800048828125,3186.39990234375,3213.35009765625,3147.39990234375,3191.699951171875,75.0,9.449951171875
137,3213.35009765625,3222.800048828125,3186.39990234375,3213.35009765625,3147.39990234375,3191.699951171875,75.0,9.449951171875
138,3213.35009765625,3222.800048828125,3186.39990234375,3213.35009765625,3147.39990234375,3191.699951171875,75.0,9.449951171875
139,3213.35009765625,3222.800048828125,3186.39990234375,3213.35009765625,3147.39990234375,3191.699951171875,75.0,9.449951171875
139,3313.300048828125,3314.85009765625,3313.300048828125,3313.300048828125,3288.050048828125,3296.14990234375,138.0,1.550048828125
140,3213.35009765625,3222.800048828125,3186.39990234375,3213.35009765625,3147.39990234375,3191.699951171875,75.0,9.449951171875
141,3213.35009765625,3222.800048828125,3186.39990234375,3213.35009765625,3147.39990234375,3191.699951171875,75.0,9.449951171875
142,3213.35009765625,3222.800048828125,3186.39990234375,3213.35009765625,3147.39990234375,3191.699951171875,75.0,9.449951171875
143,3213.35009765625,3222.800048828125,3186.39990234375,3213.35009765625,3147.39990234375,3191.699951171875,75.0,9.449951171875
144,3213.35009765625,3222.800048828125,3186.39990234375,3213.35009765625,3147.39990234375,3191.699951171875,75.0,9.449951171875
145,3213.35009765625,3222.800048828125,3186.39990234375,3213.35009765625,3147.39990234375,3191.699951171875,75.0,9.449951171875
146,3213.35009765625,3222.800048828125,3186.39990234375,3213.35009765625,3147.39990234375,3191.699951171875,75.0,9.449951171875
147,3213.35009765625,3222.800048828125,3186.39990234375,3213.35009765625,3147.39990234375,3191.699951171875,75.0,9.449951171875
148,3213.35009765625,3222.800048828125,3186.39990234375,3213.35009765625,3147.39990234375,3191.699951171875,75.0,9.449951171875
149,3213.35009765625,3222.800048828125,3186.39990234375,3213.35009765625,3147.39990234375,3191.699951171875,75.0,9.449951171875
152,3211.199951171875,3227.300048828125,3199.14990234375,3211.199951171875,3179.5,3181.800048828125,151.0,16.10009765625
153,3211.199951171875,3211.300048828125,3199.14990234375,3211.199951171875,3179.5,3181.800048828125,151.0,0.10009765625
177,3210.449951171875,3227.75,3205.5,3210.449951171875,3189.0,3201.85009765625,176.0,17.300048828125
178,3210.449951171875,3217.949951171875,3205.5,3210.449951171875,3189.0,3201.85009765625,176.0,7.5
179,3210.449951171875,3212.64990234375,3205.5,3210.449951171875,3189.0,3201.85009765625,176.0,2.199951171875
207,3100.0,3124.60009765625,3071.300048828125,3100.0,3065.89990234375,3093.35009765625,206.0,24.60009765625
222,3051.0,3063.35009765625,3038.39990234375,3051.0,3032.050048828125,3046.050048828125,221.0,12.35009765625
223,3051.0,3058.800048828125,3038.39990234375,3051.0,3032.050048828125,3046.050048828125,221.0,7.800048828125
224,3051.0,3058.800048828125,3038.39990234375,3051.0,3032.050048828125,3046.050048828125,221.0,7.800048828125
225,3051.0,3058.800048828125,3038.39990234375,3051.0,3032.050048828125,3046.050048828125,221.0,7.800048828125
226,3051.0,3058.800048828125,3038.39990234375,3051.0,3032.050048828125,3046.050048828125,221.0,7.800048828125
227,3051.0,3058.800048828125,3038.39990234375,3051.0,3032.050048828125,3046.050048828125,221.0,7.800048828125
228,3051.0,3058.800048828125,3038.39990234375,3051.0,3032.050048828125,3046.050048828125,221.0,7.800048828125
229,3051.0,3058.800048828125,3038.39990234375,3051.0,3032.050048828125,3046.050048828125,221.0,7.800048828125
230,3051.0,3058.800048828125,3038.39990234375,3051.0,3032.050048828125,3046.050048828125,221.0,7.800048828125
231,3051.0,3058.800048828125,3038.39990234375,3051.0,3032.050048828125,3046.050048828125,221.0,7.800048828125
232,3051.0,3058.800048828125,3038.39990234375,3051.0,3032.050048828125,3046.050048828125,221.0,7.800048828125
233,3051.0,3058.800048828125,3038.39990234375,3051.0,3032.050048828125,3046.050048828125,221.0,7.800048828125
234,3051.0,3058.800048828125,3038.39990234375,3051.0,3032.050048828125,3046.050048828125,221.0,7.800048828125
235,3051.0,3058.800048828125,3038.39990234375,3051.0,3032.050048828125,3046.050048828125,221.0,7.800048828125
236,3051.0,3058.800048828125,3038.39990234375,3051.0,3032.050048828125,3046.050048828125,221.0,7.800048828125
237,3051.0,3058.800048828125,3038.39990234375,3051.0,3032.050048828125,3046.050048828125,221.0,7.800048828125
238,3051.0,3058.800048828125,3038.39990234375,3051.0,3032.050048828125,3046.050048828125,221.0,7.800048828125
239,3051.0,3058.800048828125,3038.39990234375,3051.0,3032.050048828125,3046.050048828125,221.0,7.800048828125
240,3051.0,3058.800048828125,3038.39990234375,3051.0,3032.050048828125,3046.050048828125,221.0,7.800048828125
241,3051.0,3058.800048828125,3038.39990234375,3051.0,3032.050048828125,3046.050048828125,221.0,7.800048828125
242,3051.0,3058.800048828125,3038.39990234375,3051.0,3032.050048828125,3046.050048828125,221.0,7.800048828125
243,3051.0,3058.800048828125,3038.39990234375,3051.0,3032.050048828125,3046.050048828125,221.0,7.800048828125
244,3051.0,3058.800048828125,3038.39990234375,3051.0,3032.050048828125,3046.050048828125,221.0,7.800048828125
245,3051.0,3058.800048828125,3038.39990234375,3051.0,3032.050048828125,3046.050048828125,221.0,7.800048828125
246,3051.0,3058.800048828125,3038.39990234375,3051.0,3032.050048828125,3046.050048828125,221.0,7.800048828125
247,3051.0,3058.800048828125,3038.39990234375,3051.0,3032.050048828125,3046.050048828125,221.0,7.800048828125
248,3051.0,3058.800048828125,3038.39990234375,3051.0,3032.050048828125,3046.050048828125,221.0,7.800048828125
249,3051.0,3058.800048828125,3038.39990234375,3051.0,3032.050048828125,3046.050048828125,221.0,7.800048828125
250,3051.0,3058.800048828125,3038.39990234375,3051.0,3032.050048828125,3046.050048828125,221.0,7.800048828125
251,3051.0,3058.800048828125,3038.39990234375,3051.0,3032.050048828125,3046.050048828125,221.0,7.800048828125
252,3051.0,3058.800048828125,3038.39990234375,3051.0,3032.050048828125,3046.050048828125,221.0,7.800048828125
253,3051.0,3058.800048828125,3038.39990234375,3051.0,3032.050048828125,3046.050048828125,221.0,7.800048828125
254,3051.0,3058.800048828125,3038.39990234375,3051.0,3032.050048828125,3046.050048828125,221.0,7.800048828125
255,3051.0,3058.800048828125,3038.39990234375,3051.0,3032.050048828125,3046.050048828125,221.0,7.800048828125
256,3051.0,3058.800048828125,3038.39990234375,3051.0,3032.050048828125,3046.050048828125,221.0,7.800048828125
256,3185.199951171875,3185.949951171875,3185.199951171875,3185.199951171875,3166.0,3173.89990234375,255.0,0.75
257,3051.0,3058.800048828125,3038.39990234375,3051.0,3032.050048828125,3046.050048828125,221.0,7.800048828125
258,3051.0,3058.800048828125,3038.39990234375,3051.0,3032.050048828125,3046.050048828125,221.0,7.800048828125
259,3051.0,3058.800048828125,3038.39990234375,3051.0,3032.050048828125,3046.050048828125,221.0,7.800048828125
260,3051.0,3058.800048828125,3038.39990234375,3051.0,3032.050048828125,3046.050048828125,221.0,7.800048828125
261,3051.0,3058.800048828125,3038.39990234375,3051.0,3032.050048828125,3046.050048828125,221.0,7.800048828125
262,3051.0,3058.800048828125,3038.39990234375,3051.0,3032.050048828125,3046.050048828125,221.0,7.800048828125
263,3051.0,3058.800048828125,3038.39990234375,3051.0,3032.050048828125,3046.050048828125,221.0,7.800048828125
264,3051.0,3058.800048828125,3038.39990234375,3051.0,3032.050048828125,3046.050048828125,221.0,7.800048828125
265,3051.0,3058.800048828125,3038.39990234375,3051.0,3032.050048828125,3046.050048828125,221.0,7.800048828125
266,3051.0,3058.800048828125,3038.39990234375,3051.0,3032.050048828125,3046.050048828125,221.0,7.800048828125
267,3051.0,3058.800048828125,3038.39990234375,3051.0,3032.050048828125,3046.050048828125,221.0,7.800048828125
268,3051.0,3058.800048828125,3038.39990234375,3051.0,3032.050048828125,3046.050048828125,221.0,7.800048828125
269,3051.0,3058.800048828125,3038.39990234375,3051.0,3032.050048828125,3046.050048828125,221.0,7.800048828125
270,3051.0,3058.800048828125,3038.39990234375,3051.0,3032.050048828125,3046.050048828125,221.0,7.800048828125
271,3051.0,3058.800048828125,3038.39990234375,3051.0,3032.050048828125,3046.050048828125,221.0,7.800048828125
272,3051.0,3058.800048828125,3038.39990234375,3051.0,3032.050048828125,3046.050048828125,221.0,7.800048828125
273,3051.0,3058.800048828125,3038.39990234375,3051.0,3032.050048828125,3046.050048828125,221.0,7.800048828125
274,3051.0,3058.800048828125,3038.39990234375,3051.0,3032.050048828125,3046.050048828125,221.0,7.800048828125
275,3051.0,3058.800048828125,3038.39990234375,3051.0,3032.050048828125,3046.050048828125,221.0,7.800048828125
276,3051.0,3058.800048828125,3038.39990234375,3051.0,3032.050048828125,3046.050048828125,221.0,7.800048828125
277,3051.0,3058.800048828125,3038.39990234375,3051.0,3032.050048828125,3046.050048828125,221.0,7.800048828125
278,3051.0,3058.800048828125,3038.39990234375,3051.0,3032.050048828125,3046.050048828125,221.0,7.800048828125
279,3051.0,3058.800048828125,3038.39990234375,3051.0,3032.050048828125,3046.050048828125,221.0,7.800048828125
280,3051.0,3058.800048828125,3038.39990234375,3051.0,3032.050048828125,3046.050048828125,221.0,7.800048828125
281,3051.0,3058.800048828125,3038.39990234375,3051.0,3032.050048828125,3046.050048828125,221.0,7.800048828125
281,3187.35009765625,3197.550048828125,3184.800048828125,3187.35009765625,3176.949951171875,3185.0,280.0,10.199951171875
282,3051.0,3058.800048828125,3038.39990234375,3051.0,3032.050048828125,3046.050048828125,221.0,7.800048828125
282,3187.35009765625,3197.39990234375,3184.800048828125,3187.35009765625,3176.949951171875,3185.0,280.0,10.0498046875
283,3051.0,3058.800048828125,3038.39990234375,3051.0,3032.050048828125,3046.050048828125,221.0,7.800048828125
283,3187.35009765625,3197.39990234375,3184.800048828125,3187.35009765625,3176.949951171875,3185.0,280.0,10.0498046875
284,3051.0,3058.800048828125,3038.39990234375,3051.0,3032.050048828125,3046.050048828125,221.0,7.800048828125
284,3187.35009765625,3197.39990234375,3184.800048828125,3187.35009765625,3176.949951171875,3185.0,280.0,10.0498046875
285,3051.0,3058.800048828125,3038.39990234375,3051.0,3032.050048828125,3046.050048828125,221.0,7.800048828125
285,3187.35009765625,3197.39990234375,3184.800048828125,3187.35009765625,3176.949951171875,3185.0,280.0,10.0498046875
286,3051.0,3058.800048828125,3038.39990234375,3051.0,3032.050048828125,3046.050048828125,221.0,7.800048828125
286,3187.35009765625,3197.39990234375,3184.800048828125,3187.35009765625,3176.949951171875,3185.0,280.0,10.0498046875
287,3051.0,3058.800048828125,3038.39990234375,3051.0,3032.050048828125,3046.050048828125,221.0,7.800048828125
287,3187.35009765625,3197.39990234375,3184.800048828125,3187.35009765625,3176.949951171875,3185.0,280.0,10.0498046875
288,3051.0,3058.800048828125,3038.39990234375,3051.0,3032.050048828125,3046.050048828125,221.0,7.800048828125
288,3187.35009765625,3197.39990234375,3184.800048828125,3187.35009765625,3176.949951171875,3185.0,280.0,10.0498046875
289,3051.0,3058.800048828125,3038.39990234375,3051.0,3032.050048828125,3046.050048828125,221.0,7.800048828125
289,3187.35009765625,3197.39990234375,3184.800048828125,3187.35009765625,3176.949951171875,3185.0,280.0,10.0498046875
290,3051.0,3058.800048828125,3038.39990234375,3051.0,3032.050048828125,3046.050048828125,221.0,7.800048828125
290,3187.35009765625,3197.39990234375,3184.800048828125,3187.35009765625,3176.949951171875,3185.0,280.0,10.0498046875
291,3051.0,3058.800048828125,3038.39990234375,3051.0,3032.050048828125,3046.050048828125,221.0,7.800048828125
291,3187.35009765625,3197.39990234375,3184.800048828125,3187.35009765625,3176.949951171875,3185.0,280.0,10.0498046875
292,3051.0,3058.800048828125,3038.39990234375,3051.0,3032.050048828125,3046.050048828125,221.0,7.800048828125
292,3187.35009765625,3196.14990234375,3184.800048828125,3187.35009765625,3176.949951171875,3185.0,280.0,8.7998046875
293,3051.0,3058.800048828125,3038.39990234375,3051.0,3032.050048828125,3046.050048828125,221.0,7.800048828125
294,3051.0,3058.800048828125,3038.39990234375,3051.0,3032.050048828125,3046.050048828125,221.0,7.800048828125
295,3051.0,3058.800048828125,3038.39990234375,3051.0,3032.050048828125,3046.050048828125,221.0,7.800048828125
296,3051.0,3058.800048828125,3038.39990234375,3051.0,3032.050048828125,3046.050048828125,221.0,7.800048828125
297,3051.0,3058.800048828125,3038.39990234375,3051.0,3032.050048828125,3046.050048828125,221.0,7.800048828125
298,3051.0,3058.800048828125,3038.39990234375,3051.0,3032.050048828125,3046.050048828125,221.0,7.800048828125
299,3051.0,3058.800048828125,3038.39990234375,3051.0,3032.050048828125,3046.050048828125,221.0,7.800048828125
300,3051.0,3058.800048828125,3038.39990234375,3051.0,3032.050048828125,3046.050048828125,221.0,7.800048828125
301,3051.0,3058.800048828125,3038.39990234375,3051.0,3032.050048828125,3046.050048828125,221.0,7.800048828125
302,3051.0,3058.800048828125,3038.39990234375,3051.0,3032.050048828125,3046.050048828125,221.0,7.800048828125
302,3144.449951171875,3152.75,3141.60009765625,3144.449951171875,3126.75,3140.550048828125,301.0,8.300048828125
303,3051.0,3058.800048828125,3038.39990234375,3051.0,3032.050048828125,3046.050048828125,221.0,7.800048828125
304,3051.0,3058.800048828125,3038.39990234375,3051.0,3032.050048828125,3046.050048828125,221.0,7.800048828125
305,3051.0,3058.800048828125,3038.39990234375,3051.0,3032.050048828125,3046.050048828125,221.0,7.800048828125
306,3051.0,3058.800048828125,3038.39990234375,3051.0,3032.050048828125,3046.050048828125,221.0,7.800048828125
307,3051.0,3058.800048828125,3038.39990234375,3051.0,3032.050048828125,3046.050048828125,221.0,7.800048828125
308,3051.0,3058.800048828125,3038.39990234375,3051.0,3032.050048828125,3046.050048828125,221.0,7.800048828125
309,3051.0,3058.800048828125,3038.39990234375,3051.0,3032.050048828125,3046.050048828125,221.0,7.800048828125
310,3051.0,3058.800048828125,3038.39990234375,3051.0,3032.050048828125,3046.050048828125,221.0,7.800048828125
311,3051.0,3058.800048828125,3038.39990234375,3051.0,3032.050048828125,3046.050048828125,221.0,7.800048828125
312,3051.0,3058.800048828125,3038.39990234375,3051.0,3032.050048828125,3046.050048828125,221.0,7.800048828125
313,3051.0,3058.800048828125,3038.39990234375,3051.0,3032.050048828125,3046.050048828125,221.0,7.800048828125
314,3051.0,3058.800048828125,3038.39990234375,3051.0,3032.050048828125,3046.050048828125,221.0,7.800048828125
315,3051.0,3058.800048828125,3038.39990234375,3051.0,3032.050048828125,3046.050048828125,221.0,7.800048828125
316,3051.0,3058.800048828125,3038.39990234375,3051.0,3032.050048828125,3046.050048828125,221.0,7.800048828125
317,3051.0,3058.800048828125,3038.39990234375,3051.0,3032.050048828125,3046.050048828125,221.0,7.800048828125
317,3096.89990234375,3108.25,3096.449951171875,3096.89990234375,3090.300048828125,3091.0,316.0,11.35009765625
318,3051.0,3058.800048828125,3038.39990234375,3051.0,3032.050048828125,3046.050048828125,221.0,7.800048828125
319,3051.0,3058.800048828125,3038.39990234375,3051.0,3032.050048828125,3046.050048828125,221.0,7.800048828125
320,3051.0,3058.800048828125,3038.39990234375,3051.0,3032.050048828125,3046.050048828125,221.0,7.800048828125
321,3051.0,3058.800048828125,3038.39990234375,3051.0,3032.050048828125,3046.050048828125,221.0,7.800048828125
321,3099.550048828125,3115.050048828125,3094.85009765625,3099.550048828125,3087.800048828125,3095.550048828125,320.0,15.5
322,3051.0,3058.800048828125,3038.39990234375,3051.0,3032.050048828125,3046.050048828125,221.0,7.800048828125
322,3099.550048828125,3110.89990234375,3094.85009765625,3099.550048828125,3087.800048828125,3095.550048828125,320.0,11.349853515625
323,3051.0,3058.800048828125,3038.39990234375,3051.0,3032.050048828125,3046.050048828125,221.0,7.800048828125
323,3099.550048828125,3110.89990234375,3094.85009765625,3099.550048828125,3087.800048828125,3095.550048828125,320.0,11.349853515625
324,3051.0,3058.800048828125,3038.39990234375,3051.0,3032.050048828125,3046.050048828125,221.0,7.800048828125
324,3099.550048828125,3110.89990234375,3094.85009765625,3099.550048828125,3087.800048828125,3095.550048828125,320.0,11.349853515625
325,3051.0,3058.800048828125,3038.39990234375,3051.0,3032.050048828125,3046.050048828125,221.0,7.800048828125
325,3099.550048828125,3110.89990234375,3094.85009765625,3099.550048828125,3087.800048828125,3095.550048828125,320.0,11.349853515625
326,3051.0,3058.800048828125,3038.39990234375,3051.0,3032.050048828125,3046.050048828125,221.0,7.800048828125
326,3099.550048828125,3110.89990234375,3094.85009765625,3099.550048828125,3087.800048828125,3095.550048828125,320.0,11.349853515625
327,3051.0,3058.800048828125,3038.39990234375,3051.0,3032.050048828125,3046.050048828125,221.0,7.800048828125
327,3099.550048828125,3110.89990234375,3094.85009765625,3099.550048828125,3087.800048828125,3095.550048828125,320.0,11.349853515625
328,3051.0,3058.800048828125,3038.39990234375,3051.0,3032.050048828125,3046.050048828125,221.0,7.800048828125
328,3099.550048828125,3110.89990234375,3094.85009765625,3099.550048828125,3087.800048828125,3095.550048828125,320.0,11.349853515625
329,3051.0,3058.800048828125,3038.39990234375,3051.0,3032.050048828125,3046.050048828125,221.0,7.800048828125
329,3099.550048828125,3110.89990234375,3094.85009765625,3099.550048828125,3087.800048828125,3095.550048828125,320.0,11.349853515625
330,3051.0,3058.800048828125,3038.39990234375,3051.0,3032.050048828125,3046.050048828125,221.0,7.800048828125
330,3099.550048828125,3110.89990234375,3094.85009765625,3099.550048828125,3087.800048828125,3095.550048828125,320.0,11.349853515625
331,3051.0,3058.800048828125,3038.39990234375,3051.0,3032.050048828125,3046.050048828125,221.0,7.800048828125
331,3099.550048828125,3110.89990234375,3094.85009765625,3099.550048828125,3087.800048828125,3095.550048828125,320.0,11.349853515625
332,3051.0,3058.800048828125,3038.39990234375,3051.0,3032.050048828125,3046.050048828125,221.0,7.800048828125
332,3099.550048828125,3108.949951171875,3094.85009765625,3099.550048828125,3087.800048828125,3095.550048828125,320.0,9.39990234375
333,3051.0,3058.800048828125,3038.39990234375,3051.0,3032.050048828125,3046.050048828125,221.0,7.800048828125
333,3099.550048828125,3108.949951171875,3094.85009765625,3099.550048828125,3087.800048828125,3095.550048828125,320.0,9.39990234375
334,3051.0,3058.800048828125,3038.39990234375,3051.0,3032.050048828125,3046.050048828125,221.0,7.800048828125
334,3099.550048828125,3108.949951171875,3094.85009765625,3099.550048828125,3087.800048828125,3095.550048828125,320.0,9.39990234375
335,3051.0,3058.800048828125,3038.39990234375,3051.0,3032.050048828125,3046.050048828125,221.0,7.800048828125
335,3099.550048828125,3108.949951171875,3094.85009765625,3099.550048828125,3087.800048828125,3095.550048828125,320.0,9.39990234375
336,3051.0,3058.800048828125,3038.39990234375,3051.0,3032.050048828125,3046.050048828125,221.0,7.800048828125
336,3099.550048828125,3108.949951171875,3094.85009765625,3099.550048828125,3087.800048828125,3095.550048828125,320.0,9.39990234375
337,3051.0,3058.800048828125,3038.39990234375,3051.0,3032.050048828125,3046.050048828125,221.0,7.800048828125
337,3099.550048828125,3108.949951171875,3094.85009765625,3099.550048828125,3087.800048828125,3095.550048828125,320.0,9.39990234375
338,3051.0,3058.800048828125,3038.39990234375,3051.0,3032.050048828125,3046.050048828125,221.0,7.800048828125
338,3099.550048828125,3108.949951171875,3094.85009765625,3099.550048828125,3087.800048828125,3095.550048828125,320.0,9.39990234375
339,3051.0,3058.800048828125,3038.39990234375,3051.0,3032.050048828125,3046.050048828125,221.0,7.800048828125
339,3099.550048828125,3108.949951171875,3094.85009765625,3099.550048828125,3087.800048828125,3095.550048828125,320.0,9.39990234375
340,3051.0,3058.800048828125,3038.39990234375,3051.0,3032.050048828125,3046.050048828125,221.0,7.800048828125
340,3099.550048828125,3108.949951171875,3094.85009765625,3099.550048828125,3087.800048828125,3095.550048828125,320.0,9.39990234375
341,3051.0,3058.800048828125,3038.39990234375,3051.0,3032.050048828125,3046.050048828125,221.0,7.800048828125
341,3099.550048828125,3108.949951171875,3094.85009765625,3099.550048828125,3087.800048828125,3095.550048828125,320.0,9.39990234375
342,3051.0,3058.800048828125,3038.39990234375,3051.0,3032.050048828125,3046.050048828125,221.0,7.800048828125
342,3099.550048828125,3108.949951171875,3094.85009765625,3099.550048828125,3087.800048828125,3095.550048828125,320.0,9.39990234375
343,3051.0,3058.800048828125,3038.39990234375,3051.0,3032.050048828125,3046.050048828125,221.0,7.800048828125
343,3099.550048828125,3108.949951171875,3094.85009765625,3099.550048828125,3087.800048828125,3095.550048828125,320.0,9.39990234375
344,3051.0,3058.800048828125,3038.39990234375,3051.0,3032.050048828125,3046.050048828125,221.0,7.800048828125
344,3099.550048828125,3108.949951171875,3094.85009765625,3099.550048828125,3087.800048828125,3095.550048828125,320.0,9.39990234375
345,3051.0,3058.800048828125,3038.39990234375,3051.0,3032.050048828125,3046.050048828125,221.0,7.800048828125
345,3099.550048828125,3108.949951171875,3094.85009765625,3099.550048828125,3087.800048828125,3095.550048828125,320.0,9.39990234375
346,3051.0,3058.800048828125,3038.39990234375,3051.0,3032.050048828125,3046.050048828125,221.0,7.800048828125
346,3099.550048828125,3108.949951171875,3094.85009765625,3099.550048828125,3087.800048828125,3095.550048828125,320.0,9.39990234375
347,3051.0,3058.800048828125,3038.39990234375,3051.0,3032.050048828125,3046.050048828125,221.0,7.800048828125
347,3099.550048828125,3108.949951171875,3094.85009765625,3099.550048828125,3087.800048828125,3095.550048828125,320.0,9.39990234375
348,3051.0,3058.800048828125,3038.39990234375,3051.0,3032.050048828125,3046.050048828125,221.0,7.800048828125
348,3099.550048828125,3108.949951171875,3094.85009765625,3099.550048828125,3087.800048828125,3095.550048828125,320.0,9.39990234375
349,3051.0,3058.800048828125,3038.39990234375,3051.0,3032.050048828125,3046.050048828125,221.0,7.800048828125
349,3099.550048828125,3108.949951171875,3094.85009765625,3099.550048828125,3087.800048828125,3095.550048828125,320.0,9.39990234375
350,3051.0,3058.800048828125,3038.39990234375,3051.0,3032.050048828125,3046.050048828125,221.0,7.800048828125
350,3099.550048828125,3108.949951171875,3094.85009765625,3099.550048828125,3087.800048828125,3095.550048828125,320.0,9.39990234375
351,3051.0,3058.800048828125,3038.39990234375,3051.0,3032.050048828125,3046.050048828125,221.0,7.800048828125
351,3099.550048828125,3108.949951171875,3094.85009765625,3099.550048828125,3087.800048828125,3095.550048828125,320.0,9.39990234375
352,3051.0,3058.800048828125,3038.39990234375,3051.0,3032.050048828125,3046.050048828125,221.0,7.800048828125
352,3099.550048828125,3106.25,3094.85009765625,3099.550048828125,3087.800048828125,3095.550048828125,320.0,6.699951171875
353,3051.0,3058.800048828125,3038.39990234375,3051.0,3032.050048828125,3046.050048828125,221.0,7.800048828125
353,3099.550048828125,3106.25,3094.85009765625,3099.550048828125,3087.800048828125,3095.550048828125,320.0,6.699951171875
353,3117.89990234375,3119.0,3117.89990234375,3117.89990234375,3106.25,3111.0,352.0,1.10009765625
354,3051.0,3058.800048828125,3038.39990234375,3051.0,3032.050048828125,3046.050048828125,221.0,7.800048828125
354,3099.550048828125,3106.25,3094.85009765625,3099.550048828125,3087.800048828125,3095.550048828125,320.0,6.699951171875
354,3123.699951171875,3126.14990234375,3110.14990234375,3123.699951171875,3110.10009765625,3119.0,353.0,2.449951171875
355,3051.0,3058.800048828125,3038.39990234375,3051.0,3032.050048828125,3046.050048828125,221.0,7.800048828125
356,3051.0,3058.800048828125,3038.39990234375,3051.0,3032.050048828125,3046.050048828125,221.0,7.800048828125
357,3051.0,3058.800048828125,3038.39990234375,3051.0,3032.050048828125,3046.050048828125,221.0,7.800048828125
357,3090.949951171875,3095.0,3089.89990234375,3090.949951171875,3075.699951171875,3079.89990234375,356.0,4.050048828125
358,3051.0,3058.800048828125,3038.39990234375,3051.0,3032.050048828125,3046.050048828125,221.0,7.800048828125
359,3051.0,3058.800048828125,3038.39990234375,3051.0,3032.050048828125,3046.050048828125,221.0,7.800048828125
360,3051.0,3058.800048828125,3038.39990234375,3051.0,3032.050048828125,3046.050048828125,221.0,7.800048828125
361,3051.0,3055.050048828125,3038.39990234375,3051.0,3032.050048828125,3046.050048828125,221.0,4.050048828125
362,3051.0,3055.0,3038.39990234375,3051.0,3032.050048828125,3046.050048828125,221.0,4.0
363,3051.0,3055.0,3038.39990234375,3051.0,3032.050048828125,3046.050048828125,221.0,4.0
363,3074.0,3080.949951171875,3066.699951171875,3074.0,3055.0,3062.800048828125,362.0,6.949951171875
364,3051.0,3055.0,3038.39990234375,3051.0,3032.050048828125,3046.050048828125,221.0,4.0
364,3074.0,3079.699951171875,3066.699951171875,3074.0,3055.0,3062.800048828125,362.0,5.699951171875
365,3051.0,3055.0,3038.39990234375,3051.0,3032.050048828125,3046.050048828125,221.0,4.0
366,3051.0,3055.0,3038.39990234375,3051.0,3032.050048828125,3046.050048828125,221.0,4.0
367,3051.0,3055.0,3038.39990234375,3051.0,3032.050048828125,3046.050048828125,221.0,4.0
368,3051.0,3055.0,3038.39990234375,3051.0,3032.050048828125,3046.050048828125,221.0,4.0
369,3051.0,3055.0,3038.39990234375,3051.0,3032.050048828125,3046.050048828125,221.0,4.0
370,3051.0,3055.0,3038.39990234375,3051.0,3032.050048828125,3046.050048828125,221.0,4.0
371,3051.0,3055.0,3038.39990234375,3051.0,3032.050048828125,3046.050048828125,221.0,4.0
372,3051.0,3055.0,3038.39990234375,3051.0,3032.050048828125,3046.050048828125,221.0,4.0
373,3051.0,3055.0,3038.39990234375,3051.0,3032.050048828125,3046.050048828125,221.0,4.0
374,3051.0,3055.0,3038.39990234375,3051.0,3032.050048828125,3046.050048828125,221.0,4.0
375,3051.0,3055.0,3038.39990234375,3051.0,3032.050048828125,3046.050048828125,221.0,4.0
376,3051.0,3055.0,3038.39990234375,3051.0,3032.050048828125,3046.050048828125,221.0,4.0
377,3051.0,3055.0,3038.39990234375,3051.0,3032.050048828125,3046.050048828125,221.0,4.0
378,3051.0,3055.0,3038.39990234375,3051.0,3032.050048828125,3046.050048828125,221.0,4.0
379,3051.0,3055.0,3038.39990234375,3051.0,3032.050048828125,3046.050048828125,221.0,4.0
380,3051.0,3055.0,3038.39990234375,3051.0,3032.050048828125,3046.050048828125,221.0,4.0
381,3051.0,3055.0,3038.39990234375,3051.0,3032.050048828125,3046.050048828125,221.0,4.0
382,3051.0,3055.0,3038.39990234375,3051.0,3032.050048828125,3046.050048828125,221.0,4.0
383,3051.0,3055.0,3038.39990234375,3051.0,3032.050048828125,3046.050048828125,221.0,4.0
384,3051.0,3055.0,3038.39990234375,3051.0,3032.050048828125,3046.050048828125,221.0,4.0
385,3051.0,3055.0,3038.39990234375,3051.0,3032.050048828125,3046.050048828125,221.0,4.0
386,3051.0,3055.0,3038.39990234375,3051.0,3032.050048828125,3046.050048828125,221.0,4.0
387,3051.0,3055.0,3038.39990234375,3051.0,3032.050048828125,3046.050048828125,221.0,4.0
388,3051.0,3055.0,3038.39990234375,3051.0,3032.050048828125,3046.050048828125,221.0,4.0
389,3051.0,3055.0,3038.39990234375,3051.0,3032.050048828125,3046.050048828125,221.0,4.0
390,3051.0,3055.0,3038.39990234375,3051.0,3032.050048828125,3046.050048828125,221.0,4.0
390,3157.800048828125,3163.0,3140.550048828125,3157.800048828125,3136.300048828125,3156.050048828125,389.0,5.199951171875
391,3051.0,3055.0,3038.39990234375,3051.0,3032.050048828125,3046.050048828125,221.0,4.0
391,3157.800048828125,3158.0,3140.550048828125,3157.800048828125,3136.300048828125,3156.050048828125,389.0,0.199951171875
392,3051.0,3055.0,3038.39990234375,3051.0,3032.050048828125,3046.050048828125,221.0,4.0
392,3157.800048828125,3158.0,3140.550048828125,3157.800048828125,3136.300048828125,3156.050048828125,389.0,0.199951171875
393,3051.0,3055.0,3038.39990234375,3051.0,3032.050048828125,3046.050048828125,221.0,4.0
393,3157.800048828125,3158.0,3140.550048828125,3157.800048828125,3136.300048828125,3156.050048828125,389.0,0.199951171875
394,3051.0,3055.0,3038.39990234375,3051.0,3032.050048828125,3046.050048828125,221.0,4.0
394,3157.800048828125,3158.0,3140.550048828125,3157.800048828125,3136.300048828125,3156.050048828125,389.0,0.199951171875
395,3051.0,3055.0,3038.39990234375,3051.0,3032.050048828125,3046.050048828125,221.0,4.0
395,3157.800048828125,3158.0,3140.550048828125,3157.800048828125,3136.300048828125,3156.050048828125,389.0,0.199951171875
396,3051.0,3055.0,3038.39990234375,3051.0,3032.050048828125,3046.050048828125,221.0,4.0
396,3157.800048828125,3158.0,3140.550048828125,3157.800048828125,3136.300048828125,3156.050048828125,389.0,0.199951171875
397,3051.0,3055.0,3038.39990234375,3051.0,3032.050048828125,3046.050048828125,221.0,4.0
397,3157.800048828125,3158.0,3140.550048828125,3157.800048828125,3136.300048828125,3156.050048828125,389.0,0.199951171875
398,3051.0,3055.0,3038.39990234375,3051.0,3032.050048828125,3046.050048828125,221.0,4.0
398,3157.800048828125,3158.0,3140.550048828125,3157.800048828125,3136.300048828125,3156.050048828125,389.0,0.199951171875
399,3051.0,3055.0,3038.39990234375,3051.0,3032.050048828125,3046.050048828125,221.0,4.0
399,3157.800048828125,3158.0,3140.550048828125,3157.800048828125,3136.300048828125,3156.050048828125,389.0,0.199951171875
400,3051.0,3055.0,3038.39990234375,3051.0,3032.050048828125,3046.050048828125,221.0,4.0
401,3051.0,3055.0,3038.39990234375,3051.0,3032.050048828125,3046.050048828125,221.0,4.0
402,3051.0,3055.0,3038.39990234375,3051.0,3032.050048828125,3046.050048828125,221.0,4.0
403,3051.0,3055.0,3038.39990234375,3051.0,3032.050048828125,3046.050048828125,221.0,4.0
404,3051.0,3055.0,3038.39990234375,3051.0,3032.050048828125,3046.050048828125,221.0,4.0
405,3051.0,3055.0,3038.39990234375,3051.0,3032.050048828125,3046.050048828125,221.0,4.0
406,3051.0,3055.0,3038.39990234375,3051.0,3032.050048828125,3046.050048828125,221.0,4.0
406,3103.89990234375,3110.449951171875,3103.5,3103.89990234375,3092.050048828125,3097.0,405.0,6.550048828125
407,3051.0,3055.0,3038.39990234375,3051.0,3032.050048828125,3046.050048828125,221.0,4.0
408,3051.0,3055.0,3038.39990234375,3051.0,3032.050048828125,3046.050048828125,221.0,4.0
409,3051.0,3055.0,3038.39990234375,3051.0,3032.050048828125,3046.050048828125,221.0,4.0
410,3051.0,3055.0,3038.39990234375,3051.0,3032.050048828125,3046.050048828125,221.0,4.0
411,3051.0,3055.0,3038.39990234375,3051.0,3032.050048828125,3046.050048828125,221.0,4.0
412,3051.0,3055.0,3038.39990234375,3051.0,3032.050048828125,3046.050048828125,221.0,4.0
412,3090.0,3090.949951171875,3089.199951171875,3090.0,3080.35009765625,3085.800048828125,411.0,0.949951171875
413,3051.0,3055.0,3038.39990234375,3051.0,3032.050048828125,3046.050048828125,221.0,4.0
414,3051.0,3055.0,3038.39990234375,3051.0,3032.050048828125,3046.050048828125,221.0,4.0
415,3051.0,3055.0,3038.39990234375,3051.0,3032.050048828125,3046.050048828125,221.0,4.0
416,3051.0,3055.0,3038.39990234375,3051.0,3032.050048828125,3046.050048828125,221.0,4.0
417,3051.0,3055.0,3038.39990234375,3051.0,3032.050048828125,3046.050048828125,221.0,4.0
418,3051.0,3055.0,3038.39990234375,3051.0,3032.050048828125,3046.050048828125,221.0,4.0
419,3051.0,3055.0,3038.39990234375,3051.0,3032.050048828125,3046.050048828125,221.0,4.0
420,3051.0,3055.0,3038.39990234375,3051.0,3032.050048828125,3046.050048828125,221.0,4.0
421,3051.0,3055.0,3038.39990234375,3051.0,3032.050048828125,3046.050048828125,221.0,4.0
422,3051.0,3055.0,3038.39990234375,3051.0,3032.050048828125,3046.050048828125,221.0,4.0
423,3051.0,3055.0,3038.39990234375,3051.0,3032.050048828125,3046.050048828125,221.0,4.0
424,3051.0,3055.0,3038.39990234375,3051.0,3032.050048828125,3046.050048828125,221.0,4.0
440,3003.050048828125,3021.300048828125,3000.39990234375,3003.050048828125,2997.39990234375,3000.449951171875,439.0,18.25
441,3003.050048828125,3015.800048828125,3000.39990234375,3003.050048828125,2997.39990234375,3000.449951171875,439.0,12.75
442,3003.050048828125,3008.89990234375,3000.39990234375,3003.050048828125,2997.39990234375,3000.449951171875,439.0,5.849853515625
443,3003.050048828125,3008.25,3000.39990234375,3003.050048828125,2997.39990234375,3000.449951171875,439.0,5.199951171875
444,3003.050048828125,3008.0,3000.39990234375,3003.050048828125,2997.39990234375,3000.449951171875,439.0,4.949951171875
445,3003.050048828125,3004.0,3000.39990234375,3003.050048828125,2997.39990234375,3000.449951171875,439.0,0.949951171875
446,3003.050048828125,3004.0,3000.39990234375,3003.050048828125,2997.39990234375,3000.449951171875,439.0,0.949951171875
447,3003.050048828125,3004.0,3000.39990234375,3003.050048828125,2997.39990234375,3000.449951171875,439.0,0.949951171875
448,3003.050048828125,3004.0,3000.39990234375,3003.050048828125,2997.39990234375,3000.449951171875,439.0,0.949951171875
471,3000.0,3007.10009765625,2989.800048828125,2999.89990234375,2987.050048828125,2999.300048828125,470.0,7.10009765625
477,2998.39990234375,3017.10009765625,2995.699951171875,2998.39990234375,2982.0,2998.39990234375,476.0,18.7001953125
483,2995.5,2998.0,2985.949951171875,2995.5,2982.14990234375,2993.10009765625,482.0,2.5
502,2897.0,2899.14990234375,2885.0,2897.0,2864.89990234375,2870.550048828125,501.0,2.14990234375
524,2852.10009765625,2853.85009765625,2842.39990234375,2852.10009765625,2839.300048828125,2849.699951171875,523.0,1.75
528,2813.10009765625,2840.449951171875,2801.60009765625,2813.10009765625,2784.0,2807.0,527.0,27.349853515625
529,2813.10009765625,2834.0,2801.60009765625,2813.10009765625,2784.0,2807.0,527.0,20.89990234375
530,2813.10009765625,2834.0,2801.60009765625,2813.10009765625,2784.0,2807.0,527.0,20.89990234375
531,2813.10009765625,2831.800048828125,2801.60009765625,2813.10009765625,2784.0,2807.0,527.0,18.699951171875
536,2817.64990234375,2823.35009765625,2817.25,2817.64990234375,2805.64990234375,2814.64990234375,535.0,5.7001953125
544,2792.75,2802.550048828125,2790.75,2792.75,2783.300048828125,2788.25,543.0,9.800048828125
545,2792.75,2796.449951171875,2790.75,2792.75,2783.300048828125,2788.25,543.0,3.699951171875
546,2792.75,2796.25,2790.75,2792.75,2783.300048828125,2788.25,543.0,3.5
547,2792.75,2795.0,2790.75,2792.75,2783.300048828125,2788.25,543.0,2.25
